,内科系,一般内科,内科_特殊問診,呼吸器内科,耳鼻咽喉・頭頸部内科,気管食道内科,消化器内科,大腸・肛門内科,循環器内科,神経内科,泌尿器内科,肝・胆・膵内科,腎臓内科,内分泌内科,乳腺内科,糖尿病科,代謝内科,血液内科,腫瘍内科,感染症内科,心療内科,外科系,一般外科,外科_特殊問診,呼吸器外科,耳鼻咽喉・頭頸部外科,気管食道外科,消化器外科,大腸・肛門外科,循環器外科,神経外科,人工臓器・移植外科,泌尿器外科,肝・胆・膵外科,腎臓外科,内分泌外科,乳腺外科,腫瘍外科,感染症外科,アレルギー科,リウマチ科,整形外科,ペインクリニック,形成外科・美容外科,皮膚科,麻酔科,リハビリテーション科,眼科,歯科・口腔顎顔面外科,小児歯科,小児科,小児外科,老年科,産婦人科,精神科,放射線科,漢方・中国医学,予防医学,在宅医療,救急・集中治療科,臨床検査科,病理診断科,緩和ケア科,鍼灸院,分類不可
0,脳神経内科,内科,女性内科,呼吸器内科,耳,呼吸気内科,消化器内科,肛,循,脳神経内科,泌,肝臓内科,人透,糖尿病内分泌科,「乳腺　内分泌内科」,糖尿病内科,糖尿病代謝内科,血液内科,腫瘍内科,性,心内,消化器外科,外,女性外,呼外,耳,気管食道外科,消化器外科,肛外,循,脳,腎臓移植外科,泌,外科（肝臓）,外科（人工透析）,乳腺外科,乳腺外科,腫瘍外科,性感染症外科,アレ,リウ,整,ペインクリニック外科,形,皮,麻,リハ,眼,歯,小歯,小,小外,内（消化器　循環器　呼吸器　内分泌　代謝　糖尿病　胃　大腸内視鏡　老人　人工透析　漢方）,産婦,精,放,内（消化器　循環器　呼吸器　内分泌　代謝　糖尿病　胃　大腸内視鏡　老人　人工透析　漢方）,人間ドック,リハビリテーション科（訪問）,救急科,臨床検査科,病理診断科,緩和ケア内科,,神
1,呼吸器内科,総合内科,男性内科,呼内,耳咽,気管食道耳鼻いんこう科,消内,内（消化器　循環器　呼吸器　内分泌　代謝　糖尿病　胃　大腸内視鏡　老人　人工透析　漢方）,循環器内科,脳,泌尿器科,肝内,腎臓内科,内（消化器　循環器　呼吸器　内分泌　代謝　糖尿病　胃　大腸内視鏡　老人　人工透析　漢方）,乳腺・内分泌科,糖尿病内分泌科,内（消化器　循環器　呼吸器　内分泌　代謝　糖尿病　胃　大腸内視鏡　老人　人工透析　漢方）,血液,血液,感染症内科,老年心療内科,乳腺外科,外科,,呼吸器外科,耳咽,気管食道耳鼻いんこう科,消外,肛,循環器外科,心外,移植外科,泌尿器科,肝臓外科,人工透析外科,乳外,外科（乳腺）,腫,感染症外科,小児科（感染症　アレルギー疾患）,ﾘｳ,整外,ペインクリニック,形外,美容皮膚科,ペインクリニック麻酔科,心臓リハビリテーション科,小児眼科,矯歯,小児歯科,児童,小児心臓血管外科,外（消化器　末梢血管　肛門　内分泌　老人）,婦,思春期精神科,放射線診断科,漢方内科,健康診断,訪問歯科,救急,化学療法内,病理,緩和ケア外科,,病
2,消化器内科,一般内科,男性内科（血液）,呼,頭頸部,気管食道科,消,外（消化器　末梢血管　肛門　内分泌　老人）,心臓血管内科,神内,泌尿器科（人工透析）,消化器内科（肝胆膵）,透内,外（消化器　末梢血管　肛門　内分泌　老人）,乳腺・内分泌外,糖尿病代謝内科,代謝内科,血液腫瘍内科,腫,性感染症内科,心療内科,ペインクリニック外科,一般外科,,呼,頭頸部外科,気管食道科,消,肛門外科,循環器,脳外,腎臓臓器移植,泌尿器科（人工透析）,肝臓外来,腎臓移植外科,外（消化器　末梢血管　肛門　内分泌　老人）,乳腺・内分泌外科,腫瘍整形外科,男性性感染症外科,ｱﾚ,リウマチ科,腫瘍整形外科,ペインクリニック内科,美容皮膚科,皮泌,麻酔,呼吸器リハビリテーション科,眼科,歯外,小歯歯科,小歯,小児脳神経外科,老年内科,産,神経精神,放射線治療科,漢内,予防歯科,訪問リハ,救,化学療法,病理診断,緩和ケ,,心
3,循環器内科,漢方外来,漢方女性内科,内（消化器　循環器　呼吸器　内分泌　代謝　糖尿病　胃　大腸内視鏡　老人　人工透析　漢方）,耳鼻咽喉科,気管食道内科,胃,肛門内科,循内,脳内,泌(人工透析）,消化器内科（肝・胆・膵）,人工透析内科,内分泌内科,乳内分泌外,内（消化器　循環器　呼吸器　内分泌　代謝　糖尿病　胃　大腸内視鏡　老人　人工透析　漢方）,【糖尿病　脂質代謝内科】,小児血液腫瘍内科,血液腫瘍内科,性病科,小児心療内科,呼吸器外科,総合診療科,,呼吸器科,頭頸部,気管食道外,胃,外（消化器　末梢血管　肛門　内分泌　老人）,循環器科,血管外科,移植,泌(人工透析）,肝臓,透析外科,内分泌外科,呼吸器・乳腺外科,がん,,ア,ﾘｳﾏﾁ科,整形外科,ペインクリニック麻酔科,形成外科,小児皮膚科,麻酔科,ﾘﾊ,小眼,矯,小児歯,児童思春期精神科,小児形成外科,高齢者内科,婦（生殖医療）,神経精神科,放射線診療科,漢方精神科,外科（健康診断）,専ら在宅,ペインクリニック内科・救急科,臨床検,病診,緩和,,気
4,心臓血管内科,総合診療科,循環器女性内科,呼吸気内科,頭頸,喘息外来,内視鏡内,肛門,内（消化器　循環器　呼吸器　内分泌　代謝　糖尿病　胃　大腸内視鏡　老人　人工透析　漢方）,小児神経内科,女性泌尿器科,消化器・肝臓内,内（消化器　循環器　呼吸器　内分泌　代謝　糖尿病　胃　大腸内視鏡　老人　人工透析　漢方）,糖尿病内分泌内科,乳腺内科,糖尿病内分泌内科,「糖尿病　代謝内科」,「血液　腫瘍内科」,小児血液腫瘍内科,感内,心内(漢方）,頭頸部外科,基本診療科,,呼吸,耳鼻咽喉科,食道外科,外（消化器　末梢血管　肛門　内分泌　老人）,大腸外科,心血,脳神経外科,腎臓移植泌尿器科,女性泌尿器科,胆の,外来透析,乳腺,乳腺外,腫外,,アレルギー疾患内科,膠原病内科,疼痛,ペイン内科,小児形成外科,皮膚科,疼痛,心臓血管リハビリテーション科,眼（コンタクト）,小歯,歯科 小児歯科,新生児科,小児外科,老精,婦人科（不妊治療　生殖医療）,老年精神科,放射線,漢方･診療内科,予防歯科・口臭予防,土井歯科医師：訪問診療専門,整心皮眼リハ麻リウ放救,臨床検査課,病理診,緩和ケア科,,
5,緩和ケア内科,基本診療科,女性内科（脂質代謝）,内科（消化器　循環器　呼吸器）,耳鼻,消化器内科（胃腸・食道）,胃腸内科,大腸,小児循環器内科,神経内科,ひ尿器科,消化器・肝臓内科,腎臓内科（人工透析）,「糖尿病　内分泌内科」,乳腺腫瘍内科,糖尿病,脂質代謝内科,血液透析内科,「血液　腫瘍内科」,女性性感染症内科,心療内,腫瘍外科,総合,,呼吸器外,頭頸部外,喘息外来,胃腸外科,こう門外科,心臓血,外（消化器　末梢血管　肛門　内分泌　老人）,移外,ひ尿器科,膵臓,腎臓,甲状腺外科,乳腺・内分泌外,腫瘍外,,小児アレルギー科,リウマチ内科,整形外,ペインクリ,美,美皮,麻酔科（出張麻酔）,リハビリテーション科,眼科（コンタクト診療所）,矯正,小歯矯正,小児循環器内科,小児歯科・歯科口腔外科,老内,産婦（生殖医療）,児童思春期精神科,放射線診断,漢方外科,,歯科（訪問診療）,小眼精形放リハ呼麻循消救,外科（化学療法）,理,疼痛緩和内科,,口
6,血液内科,漢方内,,内（呼吸器　循環器　糖尿病　アレルギー疾患）,気管食道耳鼻いんこう科,気食,内（消化器　循環器　呼吸器　内分泌　代謝　糖尿病　胃　大腸内視鏡　老人　人工透析　漢方）,こう門科,心臓内科,老年脳神経内科,泌尿器科(人工透析),肝臓・消化器内科,腎内,小児内分泌内科,消内乳外,糖,代謝,男性内科（血液）,高齢者がん内科,感染症・呼吸器内科,小児神経心療内科,外科,女性,,呼吸器・乳腺外科,頭頸,気食,内視鏡外科,【大腸　肛門外科】,循環器外科（心臓・血管外科）,心臓血管外科,臓器移植,泌尿器科(人工透析),肝外,腎臓外来,外科（乳腺）,乳内分泌外,乳腺腫瘍外科,,内（呼吸器　循環器　糖尿病　アレルギー疾患）,リウマチ,男性整形外科,ペ外,美皮,頭部皮膚科,ペ,ﾘﾊﾋﾞﾘﾃｰｼｮﾝ科,神経眼科,口外,［小歯］,小児神経内科,小児整形外科,老人内科,婦人科,精神神経科,腫瘍放射線科,美容皮膚科（漢方）,,訪問リハビリテーション,心救,化学療法外科,理学診療科,緩和医療内科,,休止中
7,腎臓内科,女内,,内科（呼吸器　消化器　糖尿病）,耳鼻科,気管耳（気管呼吸器　耳鼻咽喉科）,外（消化器　末梢血管　肛門　内分泌　老人）,肛門科,血内,神経,ひ,肝臓内,人工透析,「糖尿病内分泌,C乳腺内科,「糖尿病　内分泌内科」,内（糖尿病代謝　消化器）,血液・腎臓内科,がん内科,小児感染症内科,心療,血管外科,男性,,呼吸器,耳鼻,気管耳（気管呼吸器　耳鼻咽喉科）,「胃　大腸　肛門外科」,「胃　大腸　肛門外科」,胸外,小児心臓血管外科,移外(腎),ひ,膵外,腎,腎臓,乳線外科,腫瘍,,アレルギー科,り,ﾍﾟｲﾝ整,内科（ペインクリニック）,美容内科,皮膚ひ尿器科,疼内,疼痛,眼（メ）,小児矯正歯科,「小歯」,新生児内科,小児歯科口腔外科,老年内,産科,精神神経,放射線科,漢方アレルギー科,,在宅医療,外整脳形精泌眼耳放救,内科（化学療法）,理学療法科,緩内,,他
8,糖尿病内科,女性内,,内科（消化器　呼吸器　循環器）,耳鼻いんこう科,気管食道,内視鏡内科,大腸内科,循環器,神経科,泌尿器科（生殖医療）,肝臓,腎臓内科（透析）,「乳腺　内分泌内科」,乳腺・内分泌,【糖尿病　脂質代謝内科】,内（循環器　糖尿病　内分泌　脂質代謝）,内科（血液・腎）,腫内,感,がん心療内,循環器外科,内外,,胸外,頭頚部外科,気外,内視鏡外科（大腸　胃）,内視鏡外科（大腸　胃）,心臓,小児脳神経外科,移,泌尿器科（生殖医療）,胆外,腎外,甲外,乳腺腫瘍外科,がん化学療法外,,アレルギー性疾患皮膚科,リウマチ・膠原病科,整形,ペインクリニック内科・救急科,美外,アレルギー性疾患皮膚科,麻酔科ペインクリニック,リハビリテ,眼科（水AM）,歯科口腔外科,歯小歯,小児内分泌内科,小児外,高齢者心療内科,産婦人科,腫瘍精神科,腫放,漢方リウマチ科,,在宅緩和ケア,臨救,臨床検査,臨検,緩医内,,大
9,腫瘍内科,総合,,内（循環器　消化器　呼吸器）,耳い,気管,胃内,こう,内（循環器　糖尿病　内分泌　脂質代謝）,脳神経科,性感染症泌尿器科,胆の,腎蔵内科(人工透析),内分泌,乳腺・胃腸内科,「糖尿病　代謝内科」,代内,血液腎臓内科,がん,性病,ペインクリニック・心療内科,脳神経外科,外内,,内外呼,気管食道耳鼻いんこう科,食外,消化器,肛門,循環,老年脳神経外科,移植内科,性感染症泌尿器科,肝,腎泌,乳腺・内分泌外科,乳腺・甲状腺外科,がん漢方,,ｱﾚﾙｷﾞｰ科,ﾘｳﾏﾁ,ペ,ペインクリニック・肛門外科,美容外科,皮膚泌尿器科,整心皮眼リハ麻リウ放救,リハビリテーシ,眼科（コンタクト）,矯葉,小児歯科矯正歯科,小児血液腫瘍内科,小外形泌こう,高齢者内,不妊治療外科,児童精神科,放腫,漢方皮膚科,,,小児救急科,腫瘍内科(化学療法),理学,緩和ｹｱ内,,¥n神内
10,肝臓内科,漢,,呼吸器科,耳鼻い,気管内,胃腸内科（内視鏡）,小腸・大腸内科,内科（循環器）,脳神内,漢方泌尿器科,膵臓,透析内科,糖尿病内分泌,乳腺化学療法内科,「糖尿病内分泌,糖内分内,血,血,感染症内,漢方心療内科,肛門外科,外（化）,,呼外乳外,耳鼻科,気管食道,消化器科,外科（肛門）,循外,神経,泌尿器科（人工透析　腎移植）,漢方泌尿器科,胆,腎臓外科,呼吸器・乳腺外科,頸部甲状腺乳腺外科,脳腫瘍外科,,アレルギー内科,リウマチ膠原病内科,ぺ整外,ペインクリニック科,形成,皮ふ科,眼耳リハ放麻,リハビ,小児眼,老年歯科,,小児眼科,小児心臓外科,老年,婦人科（生殖医療）,小児精神科,放診,漢方婦人科,,,小救新小,腫瘍内科（化学療法）,理学診断,緩和ケア内,,その他
11,胃腸内科,往診専門,,内科（呼吸器　循環器　消化器　糖尿病　代謝）,耳鼻いんこ,気内,消化器科内科,肛内,内科（消化器　循環器　呼吸器）,頭痛・脳神経内科,老年泌尿器科,肝・胆・臓内,人工透析内,乳腺,乳腺心療内科,糖内,糖代,血液内,血液・腫瘍内,感染症,思春期心療内科,大腸外科,一般外,,（呼感,耳鼻いんこう科,気管,胃腸科,女性肛門外科,循環器科整形外科,神経科,腎臓内科（人工透析　腎移植）,老年泌尿器科,胆のう,腎泌尿器科,乳腺外,外科（乳腺・甲状腺）,外科（消外　肛外　がん）,,内科（呼吸器・アレルギー）,リ,整リハ,ﾍﾟｲﾝｸﾘﾆｯｸ,美容皮フ科,美容皮フ科,整泌リハ麻,リハビリテーション,神経眼,歯科,,小児耳鼻咽喉科,小外小ひ,高齢者,産婦人科（生殖医療）,児精,放射,漢方小児科,,,救急医療,化学療法内科,理学診療,疼痛緩和内,,049-283-2133（女子栄養大学事務室）
12,人工透析内科,内（採血）,,呼吸器内科・消化器内科・循環器内科,耳鼻いんこう,食道・胃腸内科,消化器内科（内視鏡）,大腸内視鏡内科,内（呼吸器　循環器　糖尿病　アレルギー疾患）,脳神,神経泌尿器科,肝,内科（腎臓）,甲状腺内科,,糖尿病内分泌,糖尿病内科（代謝内科）,血液透析内,乳腺腫瘍内科,男性性感染症内科,高齢者心療内科,緩和ケア外科,全科,,脳神外呼内,耳い,気食外,消化器外科（胃腸外科）,大腸,心臓血管,脳神経科,腎臓外科（臓器移植）,神経泌尿器科,肝胆膵外科,分泌,腎,消化器・乳腺外科,外科（がん）,,ｱﾚﾙｷﾞｰ,ア膠,小児整形外科,ペ内,形成外,皮膚,眼リハ放麻形美心,り,コンタクト専門,小児歯科,,小児泌尿,外科・小児整形外科,高齢者歯科,不妊治療,神精,放射線治療,漢方心療内科,,,（救急科）,がん化学療法外,病理診断課,神緩内,,人工
13,糖尿病代謝内科,漢方,,呼吸器内科・循環器内科・消化器内科,耳鼻いん,気管食道耳鼻咽喉科,消化器,胃・大腸・消化器内科,内科（消化器　呼吸器　循環器）,脳血管内科,泌尿,胆,内科（人工透析）,内（循環器　糖尿病　内分泌　脂質代謝）,,糖尿病科内,内科（呼吸器　循環器　消化器　糖尿病　代謝）,血液・腫瘍内,腫瘍内,性病内科,女性心療内科,胃腸外科,内分泌総合外科,,リハ呼外,耳鼻い,気管食道耳鼻咽喉科,胃腸,こう門科,血管,心血外,臓器移植外科,泌尿,胆のう外科,透析外,乳,乳腺外来,がん外科,,アレルｷﾞー疾患内科,リ内,ペインクリニック整形外科,ペイン内,美容皮膚科（漢方）,漢皮,小眼精形放リハ呼麻循消救,ﾘﾊﾋﾞﾘ,コンタクト,矯正歯科,,児童精神科,小児歯科矯正歯科歯科口腔外科,老内ペ外,産婦人科（生殖医療・不妊治療）,精神科,放治,腫瘍漢方内科,,,救急診療科,臨床,リハ理学診療科,が緩内,,人
14,ペインクリニック内科,女性,,呼吸,耳鼻咽喉,気道食道科,内（糖尿病代謝　消化器）,大肛門内,内（循環器　消化器　呼吸器）,脳神経,泌尿科（人工透析）,膵臓内,腎臓,内科（内分泌）,,内（糖尿病代謝　消化器）,内分泌・代謝内科,血液・腫瘍内科,がん心療内,性感性症内科,子どものこころの診療科,内視鏡外科,,,歯外呼内,耳鼻いんこ,気道食道科,消化器科（胃腸科）,肛門科,循小外整脳皮泌,血管外,消化器・移植外科,泌尿科（人工透析）,膵臓外科,甲状腺,内分泌外,女性乳腺外科,小児腫瘍外科,,ア内,腎リウ内,疼内,ペイン外,形・美外,小皮,歯婦麻,リハビリテーショ,漢方眼科,口腔外科,,小(新生児),小児神経発達外来,老内腫内,生殖産婦,精神,乳腺放診,内科（漢方）,,,麻救,女性臨床検査科,乳腺病理診断科,糖緩内,,本来は4と23
15,肛門内科,漢小,,内科（呼吸器・アレルギー）,頭痛・脳神経内科,器官食道内科,内科（消化器）,大腸肛門内科,循環器科,神内他,腎臓泌尿器科,胆のう,腎臓内科(人工透析）,小児内分泌科,,内（循環器　糖尿病　内分泌　脂質代謝）,糖尿病・脂質代謝内科,腫瘍・血液内科,腫瘍内科(化学療法),性感染内科,女心内,形成外科,,,呼循,耳鼻いんこう,食道胃腸外科,食道,大腸肛門外科,内外循消,血外,肝臓・胆のう・脾臓・移植外科,腎臓泌尿器科,胆嚢,消化器乳,乳腺・内分泌外,乳腺内分泌外科,,,アレ呼,リウ・腎内,リウマチ整形外科,ペインクリニック整形外科,美容皮膚,頭皮,眼耳リハ放麻精,リハビリ,精小外整皮泌婦眼耳リハ,一般歯科,,小児科（感染症　アレルギー疾患）,外科（消化器　乳腺　内分泌　小児　肛門）,循内老内,婦人,精神腫瘍科,放射線診断科・放射線治療科,漢方女性内科,,,循環器救急科,薬物療法,乳腺病理診断,ア緩内,,変更
16,内分泌内科,小内,,内科（呼吸器）,気管耳（気管呼吸器　耳鼻咽喉科）,気管食道内,内科（消化器　循環器　呼吸器）,肛門内,循環期内科,脳血内,泌（人工透析）,膵臓内科,透析科,腎臓,,内（呼吸器　循環器　糖尿病　アレルギー疾患）,糖尿病・代謝内科,腫瘍,腫瘍内科（化学療法）,性感染症,老心療,こう門外科,,,呼胃,耳鼻いん,気管食道耳鼻咽喉,胃外科,ペインクリニック・肛門外科,内消循外放麻,循環器外科（心臓・血管外科）,,泌（人工透析）,膵外科,透血管外,乳内分泌外,［乳腺外］,,,アレ内,リウマチ整形外科,ペイン整,ペインクリニック・心療内科,美容皮,緩皮内,小形眼精麻,リ,整心皮眼リハ麻リウ放救,歯口,,小児皮膚科,小児腫瘍外科,精老内,産科婦人科,老精,乳腺放射線診断科,漢方消化器内科,,,小救,臨,［消化器内科］［病理診断科］,緩皮内,,届出指導済み
17,感染症内科,成人病検査のみ,,呼吸器,耳鼻いんこう科（耳鼻科）,気管食道耳鼻咽喉,内科（呼吸器　消化器　糖尿病）,胃腸肛門内科,心血,内（脳・神）,泌尿器科（男性不妊治療）,肝臓消化器内科,血液透析内科,内分内,,内科（呼吸器　消化器　糖尿病）,糖代内,血腫内,血液・腫瘍内科,エイズ検査,内科（心療内科含む）,心臓血管外科,,,呼吸科,耳鼻咽喉,気耳,内視鏡外,大腸・肛門外科,胃循,脳神,,泌尿器科（男性不妊治療）,肝胆,透析血管外科,腎泌,呼外乳外,,,ｱ,リウ膠原,整形リハビリテーション科,ペインクリニック内,形成美容外科,泌（人透）皮,整眼形麻リハ小,リハ他,放眼婦,小児歯科・歯科口腔外科,,小児精神科,,糖内老内,婦人科（不妊治療）,漢方精神科,肺放射線診断科,漢方胃腸内科,,,救急集中治療科,薬内,胸外病診,緩和医療,,人内
18,内視鏡内科,男内,,呼吸内,耳鼻咽喉科科,気耳,内科（消化器　呼吸器　循環器）,大肛内,血管内,脳神経内,女性泌,肝臓胆のう膵臓内科,内分内,糖内分内,,糖尿病小児科,糖尿病・内分泌代謝・腎臓内科,血内糖,小児腫瘍内科,性感内,心療内科（漢方）,外科（人工透析）,,,胸部外,気管耳（気管呼吸器　耳鼻咽喉科）,耳気,消化器外科(胃腸外科),こう,循小,心臓外科,,女性泌,肝臓・胆のう・膵臓外科,腎内消外,乳・内外,消外乳外,,,小ｱﾚ,リウマチ膠原病科,ペイン整形外科,ペイン整,美容婦人科,小児皮,放麻,小リハ,眼耳リハ放麻,歯科口腔外,,小児科,,老年診療内科,漢方婦人科,児童精,放射線診,漢方腫瘍内科,,,,化内,理学科,疼緩内,,検診
19,糖尿病内分泌内科,男性,,感染症・呼吸器内科,気管食道耳鼻咽喉科,食道内科,内（循環器　消化器　呼吸器）,こう門内科,心臓血,老年神経科,泌尿器,胆嚢,糖内分内,乳腺・内分泌科,,(従)糖尿病内科,内分泌代謝内科,老腫内,腫瘍・血液内科,呼感内,心療内科神経内科,外科（肝臓）,,,脳神経外科呼吸器外科,耳鼻いんこう科（耳鼻科）,耳気ア,消化器外科(胃腸外,外(こう),腎内（透）血管外,脳神経外科（脳外科）,,泌尿器,肝臓・胆のう・すい臓外科,乳外肛外,乳腺科,乳外頭頸外,,,アレルギー疾患,膠原病リウマチ内科,ペ整,ペイン外科,審美歯科,美容皮膚科（漢方）,脳麻泌リハ,整リハ,形眼,小歯歯科,,小児心療内科,,,生殖医療婦人科,心内¥n精,神経放射線科,漢方産婦人科,,,,がん化学療法内科,病理科,緩ケア内,,検査業務
20,代謝内科,健康指導,,内（循　呼）,耳鼻いんこう喉科,耳気,消化器科,小外形泌こう,消化器･循環器内科,神経内,腎泌尿器科,消化器肝臓内科,消化器内科・内視鏡内科・腎臓内科・人工透析内科,糖尿病・内分泌内科,,糖内分内,糖尿病内科(代謝内科),内科（腎臓・血液透析・糖尿病）,腫瘍漢方内科,性感,老心内,小児心臓血管外科,,,外科（胃腸　乳腺　肛門　呼吸器）,耳鼻咽喉科科,気管科,消化器外科(,肛門外,心外循内,脳神経科外科,,腎泌尿器科,肝臓・胆嚢・膵臓外科,移外(腎),乳腺腫瘍外科,消内乳外,,,漢方アレルギー科,リウマチ・アレルギー内科,循環器科整形外科,ペイン整形外科,美容形成外科,頭部皮膚科（自由診療のみ）,リハ麻放泌,脳リハ,眼リハ放麻形美心,口腔,,小児耳鼻科,,,不妊治療婦人科,小精,気放,漢方脳神経内科,,,,血液・化学療法内科,神経病理診断科,緩和ケア外,,５歳以上
21,漢方内科,訪問,,内科（循環器　消化器　呼吸器）,気管食道耳鼻咽喉,耳気ア,胃腸科,内外胃こう,内科(循環器・消化器),小児脳神経内科,生殖医療,消肝内,人工透析科,内分泌・代謝内科,,糖代,小児内分泌・代謝内科,がん血液内科,腫瘍,性内,乳腺心療内科,小児脳神経外科,,,胸部,頭頸外,気管支科,消化器外科(胃,大肛外,消循,脳神外,,生殖医療,膵,腎臓泌尿器,乳腺・甲状腺外科,外科（乳腺　肛門　胃腸）,,,アレルギー疾患皮膚科,アレルギー疾患リウマチ科,ペ整外,ぺ内,美容外,小児皮膚,眼耳麻泌形皮リハ,疼内,小眼精形放リハ呼麻循消救,歯口外,,小児耳鼻いんこう科,,,美容婦人科,精神科（発達障害のみ）,整心皮眼リハ麻リウ放救,漢方脳神経外科,,,,外（化）,,疼緩,,台帳上
22,血液腫瘍内科,泌内,,呼吸器・循環器内科,漢方耳鼻咽喉科,気食内,消火器内科,外肛内,糖尿病内科・消化器内科・循環器内科,漢方脳神経内科,ひ尿科,胆膵内,人口透析内科,腎,,糖尿内,内代内,血液・化学療法内科,漢方腫瘍内科,（呼感,心療センター,小児形成外科,,,,頸部甲状腺乳腺外科,気管食道・耳鼻いんこう科,胃外,大腸・肛外,呼循,脳神経,,ひ尿科,肝臓・糖,腎・泌尿器科（人工透析）,頸部甲状腺乳腺外科,外科（消化器　乳腺　肛門）,,,アレルギー,リウマチ・アレルギー科,小整,麻酔科ペインクリニック,美精,頭部皮,心整脳放麻眼耳皮リハ形産精泌ア,リハビリ科,眼耳リハ放麻精,小児歯,,小児アレルギー科,,,感染症婦人科,思春期精神,放眼婦,漢方皮フ科,,,,乳腺化学療法内科,,緩,,0
23,老年内科,訪問診療,,内科（呼吸器・消化器）,頭部,気管科,内視内,胃内大腸,内科（呼吸器　循環器　消化器　糖尿病　代謝）,［神内］,泌尿科,肝胆,血液・腎臓内科,糖代内,,糖尿病内科（代謝内科）,脂代内,内科（消化器・血液）,がん漢方,呼内感内,,肝臓外科,,,,気管食道耳鼻咽喉科,気管食道・耳鼻咽喉科,腹外,大腸・肛門外,（循）小,脳神経外,,泌尿科,肝臓・消化,人工透析外,外科（乳腺・甲状腺）,外科（乳腺　肛門）,,,アレ疾内,漢方リウマチ科,股関節外来,ペイ,美ひ,美容皮膚,麻心,リハビリテーション科（訪問）,小形眼精麻,口腔歯科,,小耳咽喉,,,性感染症婦人科,児童精神,リハ放,漢方眼科,,,,呼吸器内科（化学療法）,,緩和ケア,,診
24,小児循環器内科,内外,,内科（糖尿病　循環器　呼吸器　消化器）,気耳,気管支科,消化器内科（胃腸内科）,大腸鏡内,呼吸器内科・消化器内科・循環器内科,脳心内,必尿器科,内(膵　糖）,内科（血液・腎）,内分泌内,,糖尿病・内分泌内科,内泌代内,腫血液内,腫血内,感ひ,,小児外科,,,,耳鼻いんこう喉科,気管食道科(気管食道外科),外（内視鏡）,大腸外,循環科,内（脳・神）,,必尿器科,肝臓・胆のう・脾臓・移植外科,人工透析血管外科,消化器・乳腺外科,外科（胃腸　乳腺　肛門　呼吸器）,,,リウマチ・アレルギー内科,リマウチ科,側弯外来,リハビリテーション科ペインクリニック内科,頭部美容皮膚科,美容皮,小外整形脳皮泌婦眼耳放麻リハ歯,リハビリテ−ション科,眼耳形,口歯,,小耳,,,不妊治療産婦人科,老年精神科（認知症）,眼耳リハ放麻,漢方皮,,,,臨床腫瘍科,,疼痛緩和外科,,治
25,「糖尿病　内分泌内科」,内小,,呼吸器科内科,鼻,気管食道・耳鼻いんこう科,消化器･循環器内科,A消火器内科B肛門内科,呼吸器内科・循環器内科・消化器内科,脳神外呼内,小ひ,肝内鏡内,血液腎臓内科,甲内,,糖尿病内科・消化器内科・循環器内科,内分泌・代謝内,血液腫内,血腫内,性感染症科,,人工透析外科,,,,頭頚部外,耳鼻いんこう科系その他,外（消　内視）,大腸肛外,胸部外,脳外科,,小ひ,,腎臓外科（臓器移植）,乳腺外来,外科（消化器　乳腺　内分泌　小児　肛門）,,,アレルギー疾患リウマチ科,リウマ,脊椎,ペインクリニック外,美容,アレルギー疾患皮膚科,眼耳リハ放精麻形,リハリビテ−ション科,整眼形麻リハ小,矯科,,小児内分泌科,,,不妊治療内科,児童・思春期精神科,眼リハ放麻形美心,女漢内,,,,,,緩ケ,,自由診療
26,小児神経内科,外内,,呼吸器内,頸部,気管食道・耳鼻咽喉科,消化器内科(内視鏡）,消化器内科（肝臓・大腸）,心臓・循環器内科,脳卒中内科,不妊治療泌尿器科,消内肝内,腎,糖尿病・内分泌代謝・腎臓内科,,内科（呼吸器　循環器　消化器　糖尿病　代謝）,糖尿代謝内科,糖血内,老腫内,感染,,胸部外科,,,,気管食道耳鼻咽喉,気管外,消肛外,こ外,循環器外科（心臓　血管外科）,心臓血管外,,不妊治療泌尿器科,,甲状腺科,女性乳腺外科,乳腺・甲状腺・内分泌外科,,,リウマチ・アレルギー科,リウ内,整形科,内ぺ,美容精神科,漢方皮膚科,脳麻眼婦放,整形リハビリテーション科,眼耳精,嬌歯,,糖尿病小児科,,,漢方産婦人科,精神内科,小眼精形放リハ呼麻循消救,糖内漢内,,,,,,疼痛緩和,,透析30台
27,新生児内科,内（薬）,,小児呼内,ア耳,耳鼻いんこう科系その他,内科(循環器・消化器),内科（胃腸・肛門）,循環内,脳・血管内科,男性泌尿器科,肝内胃内,腎臓内,内分泌代謝内科,,糖尿,代謝内,,呼吸器腫瘍内科,性感染症内,,【大腸　肛門外科】,,,,漢方耳鼻咽喉科,,消胃,大腸内視鏡外科,静瘤外,脳脊髄神経外科,,男性泌尿器科,,,分泌,,,,アレルギ−科,ﾘ,精小外整皮泌婦眼耳リハ,ぺ,美形外,老年皮膚科,リハ放麻眼泌婦,心臓リハビリ科,眼耳麻泌形皮リハ,小矯歯,,小児科（新生児）,,,思春,老年精神,眼耳リハ放麻精,女性漢方内科,,,,,,緩ケ内,,透析38台
28,小児内分泌内科,(新)内,,呼感内,耳ア,食内,消化器内科・内視鏡内科・腎臓内科・人工透析内科,消化器・肛門内科,心臓内,小脳神内,男性不妊治療外科,（肝）内,糖代内,小児内分泌・代謝内科,,糖尿病・脂質代謝内科,脂質代謝内,,がん化学療法内科,小感内,,腫瘍整形外科,,,,頭部,,消化器科∧胃腸科∨,小外形泌こう,心臓血管外科(循環器外科),老年神経科,,男性不妊治療外科,,,乳腺内分泌外科,,,,小アレ,小リウ,整心皮眼リハ麻リウ放救,痛み緩和診療外来,形成皮膚科,女性皮膚科,放整泌眼耳麻皮,小児リハビリテーション科,心整脳放麻眼耳皮リハ形産精泌ア,成人矯歯,,小児内科,,,池田草二：産婦人科,漢精,放泌,小児漢方内科,,,,,,薬物療法,,生
29,小児血液腫瘍内科,健診,,呼吸器アレルギー内科,内小耳胃,,糖尿病内科・消化器内科・循環器内科,胃腸・大腸内視鏡内科,循環器科内科,精神科・神経内科眼科,泌内,膵内,腎高内,乳,,消化器・糖尿病内科,糖尿病代謝内分泌科,,内科・腫瘍内科,内科(感染症),,気管食道外科,,,,気耳,,内視外,外肛内,心臓血管外科(循環器外,末梢血管外科,,泌尿器外科,,,甲状腺,,,,アレルギー疾患外科,膠,整脳リハ内,ペイン,美容内,皮膚外科,外小整形脳泌麻眼,リハ理学診療科,眼耳放,小児矯歯,,小児泌尿器科,,,思春期,美精,放麻,内科（漢方　ペインクリニック）,,,,,,緩和ｹｱ内科,,不
30,腎臓内科（人工透析）,健診等,,内外呼,内小耳麻,,内科（呼吸器　循環器　消化器　糖尿病　代謝）,大腸肛門科,心臓,心療内科神経内科,女泌,肝臓・胆のう・膵臓内科,人工透内,内代内,,糖尿病・代謝内科,糖尿病・内分泌・代謝内科,,がん血液内科,感染制御内科,,腎臓移植外科,,,,鼻,,「消化器　胃腸外科」,外肛外,,漢方脳神経外科,,泌内,,,消化器乳,,,,アレルギ,腎リウ,小外整脳皮泌リハ,ぺ外,形美外,小児科皮膚,眼耳リハ放麻歯形,皮膚科リハビリテーション科,小外整形脳皮泌婦眼耳放麻リハ歯,小児歯科口腔外科,,小児循環器科,,,漢婦,老年精,リハ麻放泌,心療内科（漢方）,,,,,,痛み緩和診療外来,,透析40台
31,【糖尿病　脂質代謝内科】,全科,,内循呼,耳気,,消化器内視鏡内科,こう門,循環器内,脳神（脳卒中）,形泌,消化器内科（肝臓・大腸）,糖尿病・内分泌代謝・腎臓内科,内泌内,,糖代内,糖尿病・内分泌代謝内科,,呼吸器腫瘍アレルギー内科,呼吸器・感染症内科,,「胃　大腸　肛門外科」,,,,頭外,,外科（内視鏡）,鏡内肛外,,脳腫瘍外科,,女泌,,,乳内外,,,,アレルギー疾患耳鼻咽喉,腎臓リウマチ内科,精リウ小外整形脳,ペ内ペ外,眼リハ放麻形美心,頭部美容皮膚科,眼耳リハ麻形,リハビリテーション科ペインクリニック内科,眼耳リハ放精麻形,口腔外科歯科,,小児,,,精小外整皮泌婦眼耳リハ,美容精神科,心整脳放麻眼耳皮リハ形産精泌ア,漢方内科肛門外科,,,,,,［緩和ケア内］,,透析32台
32,老年心療内科,内（兼,,内消循呼,耳気ア,,呼吸器内科・消化器内科・循環器内科,,循環,脳卒中科,小外形泌こう,肝・胆・膵内科,小児腎臓内科,内内,,糖尿病・内分泌代謝・腎臓内科,代謝・内分泌内科,,腫瘍内科（緩和ケア）,感染内,,内分泌外科,,,,精小外整皮泌婦眼耳リハ,,消化器外,鏡外（胃　大腸）,,透血管外,,外科（泌尿器外来）,,,乳内分外,,,,呼吸器アレルギー科,腎臓・膠原病内科,アリウ小外整形脳,ﾍﾟｲﾝ外,形泌,皮膚科リハビリテーション科,泌リハ形皮精循放消こう麻,ﾘ,脳麻眼婦放,審美歯科,,神小,,,小婦外,思春,眼耳放,漢方アレ,,,,,,消腫内（化　緩）,,第2
33,ペイン内科,新生内,,皮呼内,頸部内科,,呼吸器内科・循環器内科・消化器内科,,内（循）,老年神経内科,［泌尿器科］,肝臓・胆嚢・膵臓内科,腎臓内科（人工,腎臓泌尿器科,,糖尿内科,内分泌・代謝科,,呼吸器内科・呼吸器腫瘍内科,,,老年脳神経外科,,,,小外整脳皮泌耳,,消化器内視鏡外科,外こう,,脊外,,形泌,,,乳泌外,,,,皮膚科アレルギー科,リュウマチ科,整泌リハ麻,女ペ内,小外形泌こう,皮フ科,眼耳麻放形リハ,ﾘﾊﾋﾘﾃｰｼｮﾝ科,リハ放麻眼泌婦,口腔外,,小腸・大腸内科,,,放眼婦,心療精神科,小外整形脳皮泌婦眼耳放麻リハ歯,漢方眼,,,,,,緩外,,第4水のみ
34,「糖尿病　代謝内科」,健康診,,呼内循内,耳血内,,消化器内科（胃腸科）,,心血内,,ひ（透）,消化器／肝臓内科,人透内,脂代内,,糖尿病内科(代謝内科),代謝内分泌内科,,肺腫瘍内科,,,内視鏡外科（大腸　胃）,,,,外整脳皮泌耳,,消化器・乳腺外科,乳外肛外,,胸血外,,小外形泌こう,,,内泌外,,,,皮膚アレルギー科,リ膠内,小外整脳皮泌耳,整（ペインクリニック）,形美,腫瘍皮膚科,耳放麻脳眼リハ,ﾘﾊﾋﾘﾃｰｼｮﾝ,放整泌眼耳麻皮,歯科 小児歯科,,小児心内,,,歯婦麻,がん精神科,眼耳リハ放精麻形,漢方小児,,,,,,疼内緩内,,新
35,心臓内科,,,（呼感,頭内,,内科胃腸科,,内（循　呼）,,ひ(透),内（消化器　肝臓　胆嚢　膵臓　内視鏡）,内代内,内泌代内,,糖内他,糖尿病・代謝・内分泌内科,,癌内科,,,甲状腺外科,,,,小外整形脳皮泌婦眼耳放麻リハ歯,,消化器胃腸科,大肛,,胸部血管外科,,［泌尿器科］,,,内泌,,,,ア疾内,整心皮眼リハ麻リウ放救,外整脳皮泌耳,ペインクリニック（精神科）,整形美皮,形成皮膚科,麻リハ小心,ﾘﾊﾋﾘﾃｰｼｮ,外小整形脳泌麻眼,歯腔外,,児童精,,,耳婦精,女性精神科,脳麻眼婦放,耳鼻咽喉科（小児　気管食道　漢方）,,,,,,呼吸器緩和ケア内科,,形内
36,呼吸気内科,,,呼内糖内,耳鼻咽喉頭頸部科,,消化器内科（肝胆膵）,,内科（循環器　消化器　呼吸器）,,殖医外,胆のう内科,内泌内,内分泌内科（甲状腺）,,内代内,糖尿病・代謝内,,がん緩和ケア内科,,,歯科口腔外科,,,,頸部,,消化,大こ外,,透析血管外科,,ひ（透）,,,［乳腺外］,,,,呼吸器アレルギー内科,精リウ小外整形脳,整眼形麻リハ小,ペインクリニック・整形外科,形美皮,皮ふ泌尿科,小整脳眼耳放麻泌精,リハビリテー,眼耳整皮泌,予防歯科,,小児内分泌・代謝内科,,,婦歯,思春期,リハ放麻眼泌婦,,,,,,,腫瘍内科（緩和ケア）,,外他21科
37,「乳腺　内分泌内科」,,,呼内消内,耳咽咽喉科,,消化器内科（消化管）,,呼吸器・循環器内科,,腎ひ,内科（肝臓　胃腸　消化器　呼吸器）,内内,内分泌外,,糖尿病内,内分泌代謝科,,,,,頭頚部外科,,,,外整脳形精泌眼耳放救,,大腸内視鏡外科,外科（消化器　肛門）,,小外整脳皮泌リハ,,ひ(透),,,［内分泌外］,,,,耳アレ,アリウ小外整形脳,外整,内科（漢方　ペインクリニック）,美漢皮,男性皮膚科,耳麻リハ脳,精小外整皮泌婦眼耳リハ,眼耳リハ放麻歯形,歯科 歯科口腔外科,,小児感染症内科,,,心整脳放麻眼耳皮リハ形産精泌ア,薬物療法,放整泌眼耳麻皮,,,,,,,腫内（疼痛緩和）,,※自由診療のみ
38,胃腸内科（内視鏡）,,,循内呼内,耳咽いんこう科,,消化器内科（胃腸・内視鏡内科）,,内科（糖尿病　循環器　呼吸器　消化器）,,女内殖医外,肝消内,腎臓泌尿器科,泌（人工透析）,,脂代内,糖尿病・代謝内分泌科,,,,,透析外科,,,,ア耳,,食道胃腸外科,こう門外,,精リウ小外整形脳,,殖医外,,,乳外肛外,,,,ア耳,耳放皮歯リウリハ,小外整脳,ペインクリック内科,血管外美皮,皮外,麻眼リウ,整心皮眼リハ麻リウ放救,眼耳リハ麻形,小児科歯科,,小児腎臓内科,,,小外整形脳皮泌婦眼耳放麻リハ歯,思精,耳放皮歯リウリハ,,,,,,,緩和ｹｱ,,木曜AM
39,「血液　腫瘍内科」,,,内（呼）,気管食道・耳鼻いんこう科,,消化器・糖尿病内科,,循環器女性内科,,ひ(透）,膵,腎（人工透析）,糖尿内分泌内,,内泌代内,糖尿代謝内,,,,,外科（乳腺）,,,,耳ア,,消化器乳,こう外,,アリウ小外整形脳,,腎ひ,,,外（乳）,,,,耳ア,リハリウ,心整脳放麻眼耳皮リハ形産精泌ア,ﾍﾟｲﾝ内,小皮美皮,漢方皮フ科,整形脳皮泌産婦眼耳リハ麻,整脳リハ内,眼耳麻放形リハ,矯正外科,,小児歯,,,リハ整皮婦ア,老神,整放小,,,,,,,疾痛緩和内科,,木曜PM
40,神経内科,,,呼内感内,気管食道・耳鼻咽喉科,,消化器内科（肝・胆・膵）,,心臓血管,,女ひ,肝臓・糖尿病・内分泌内科,脂代内,乳腺・内分泌外,,糖尿内分泌内,代,,,,,外科（肛門）,,,,耳気,,鏡外,外科（乳腺　肛門　胃腸）,,小外整脳皮泌耳,,女内殖医外,,,透外,,,,耳気ア,リウ小外,整形脳皮泌,麻酔科（ペインクリニック）,美内,皮ひ,整脳形麻精リウ小,小外整脳皮泌リハ,耳放麻脳眼リハ,小矯,,小児神経科,,,脳麻眼婦放,精小外整皮泌婦眼耳リハ,眼耳リハ放麻歯形,,,,,,,内科（緩和ケア）,,Ｈ26
41,内科,,,脳神外呼内,耳鼻咽,,消化器内科（胃腸・食道）,,血管,,婦人科（不妊治療　生殖医療）泌尿器科,肝臓・糖,内泌代内,内分泌・代内,,糖尿・内分泌内,糖尿病内分泌代謝内科,,,,,女性肛門外科,,,,耳気ア,,胃腸外,肛門外科科,,外整脳皮泌耳,,ひ(透）,,,分外,,,,ｱﾚﾙｷﾞｰ内科,麻眼リウ,小外整形脳皮泌婦眼耳放麻リハ歯,ペインクリニック内科外科,リハ美皮,漢方皮,整リウリハ麻,リハ放,外整脳形精泌眼耳放救,小歯外,,小皮,,,リハ放麻眼泌婦,精リウ小外整形脳,泌リハ形皮精循放消こう麻,,,,,,,緩和内,,12
42,性感染症内科,,,消内呼内,耳鼻いんこう科系その他,,消化器・肝臓内,,内科・循環器内科,,（生殖医療）,肝臓・消化,泌（人工透析）,糖尿・内分泌内,,糖尿病・内分泌内,糖尿病代謝,,,,,整形外科,,,,乳外頭頸外,,消科,肛門科(肛門外科),,脳形,,女ひ,,,外科（乳腺　肛門　胃腸）,,,,アレ糖内（代内）,整脳形麻精リウ小,循小外整脳皮泌,ペインクリニック（内科）,男性美容内科,心療皮,内消循外放麻,眼耳リハ放麻,眼皮泌外リハ,歯科一般,,小ア,,,循リハこう婦,精リハ,眼耳麻放形リハ,,,,,,,がん緩和ケア内科,,H26
43,消化器科内科,,,アレ呼内,耳鼻いんこう科系その他,,消化器・肝臓内科,,循器内科,,男泌,内科（消化器　内視鏡　肝臓　糖尿病）,腎リウ内,内分泌・糖内,,内分泌・糖尿病内科,脂代,,,,,ﾍﾟｲﾝｸﾘﾆｯｸ外科,,,,耳鼻咽喉頭頸部科,,内消外,外科（消化器　乳腺　肛門）,,外心歯,,婦人科（不妊治療　生殖医療）泌尿器科,,,胸部・乳,,,,アレ小,内消整リウ,リハ整皮婦ア,ペインクリニック（外科）,男性美容皮膚科,皮膚科アレルギー科,内小耳麻,整泌リハ麻,小整脳眼耳放麻泌精,歯科 矯正歯科,,小他,,,婦リハ,小眼精形放リハ呼麻循消救,耳放麻脳眼リハ,,,,,,,在宅緩和ケア,,4
44,腎臓内科（透析）,,,歯呼内,耳鼻咽頭科,,肝臓・消化器内科,,内外循消,,神泌,,血液透析内,乳内分泌外,,糖尿代謝内科,腎臓内分泌代謝内科,,,,,性感染症外科,,,,耳咽咽喉科,,内外胃,脳神経外科こう門科,,小外整脳,,（生殖医療）,,,外科（消化器　乳腺　肛門）,,,,アレリハ,整リウリハ,放整泌眼耳麻皮,ペインクリニ,男性美容外科,皮膚泌尿科,婦麻内循,精リハ,こう眼,歯科矯正,,小リハ,,,形心皮産婦リハ,眼耳リハ放麻精,外整脳形精泌眼耳放救,,,,,,,緩和医療科,,1〜
45,消化器内科（内視鏡）,,,歯外呼内,頭頸部・耳鼻いんこう科,,胃腸,,内小循,,（女）泌,,腎泌,糖尿病・内分泌内,,小児糖尿病内,代謝糖尿病内科,,,,,美容外科,,,,耳咽いんこう科,,内外循消,外科（乳腺　肛門）,,小外整形脳皮泌婦眼耳放麻リハ歯,,男泌,,,内分外,,,,循アレ,整リウリハ麻,外小整形脳泌麻眼,整形外科（ペインクリニック）,美容外科・美容皮膚科・美容内科,皮膚アレルギー科,リハ麻,眼リハ放麻形美心,麻眼リウ,歯科口腔外科歯科,,小精,,,整形脳皮泌産婦眼耳リハ麻,小形眼精麻,小整脳眼耳放麻泌精,,,,,,,乳腺外科緩和ケア内科,,秘
46,脂質代謝内科,,,リウ呼内,頭頸部・耳鼻いんこ,,消化器内,,内消循外放麻,,腎（透）,,リウ・腎内,腎泌,,糖尿病科,糖尿病代謝内分泌内科,,,,,口腔外科,,,,耳鼻咽喉頭頸部外科,,外内胃,大腸肛門科,,循小外整脳皮泌,,神泌,,,外科（乳腺　肛門）,,,,呼アレ,リウ小,整放小,ペインクリニッ,美容眼科,内科・皮膚科,麻循内,小眼精形放リハ呼麻循消救,眼耳,歯科口腔悔過,,小児皮,,,内小婦,小精形泌歯歯外,放胃循,,,,,,,,,主たる科目
47,甲状腺内科,,,リハ呼内,頭頸部耳鼻いんこう科,,胃腸科内科,,内消循,,泌尿器科（透析）,,透,甲状腺内,,糖尿病代謝内分泌科,糖尿病脂質代謝内科,,,,,消化器外科（胃腸外科）,,,,気管食道・耳鼻いんこう科,,内消循外放麻,こう門,,外小整形脳泌麻眼,,（女）泌,,,外科（胃腸　乳腺　肛門　呼吸器）,,,,アレリウ,リウ消外,眼耳整皮泌,,皮膚科・美容皮膚科,外科（皮膚外来）,麻ペ内,眼耳リハ放麻精,整形脳皮泌産婦眼耳リハ麻,訪問歯科,,小眼,,,婦麻内循,耳婦精,眼耳リハ放,,,,,,,,,ロ
48,ﾍﾟｲﾝｸﾘﾆｯｸ内科,,,呼循,,,胃腸内,,胃循,,腎臓泌尿器,,内（透析）,内分泌・代謝内,,内分泌糖尿病内科,脂質代謝,,,,,大腸肛門外科,,,,気管食道・耳鼻咽喉科,,内外胃こう,外科（胃腸　乳腺　肛門　呼吸器）,,神外,,泌外,,,外科（消化器　乳腺　内分泌　小児　肛門）,,,,アレ呼内,アレリウ,精脳整,,外科・整形外科・形成外科,精小外整皮泌婦眼耳リハ,耳麻,整眼形麻リハ小,眼耳リハ放,歯科矯正歯科,,小児耳,,,［産婦］,眼耳精,内消循外放麻,,,,,,,,,物
49,心療内科,,,呼胃,,,消化器科（胃腸科）,,内循,,男性泌尿器科（不妊治療）,,内秘,内分泌・糖尿病内科,,糖尿病・内分泌・代謝内科,代内内,,,,,食道外科,,,,頭頚外,,胃循,外科（消化器　乳腺　内分泌　小児　肛門）,,外小整脳皮泌,,腎（透）,,,甲状腺科,,,,アレ外,リウ皮,外小整脳皮泌,,美容皮外科,整心皮眼リハ麻リウ放救,ペ内麻,脳麻泌リハ,産婦眼,矯正口腔外科,,小ｱﾚ,,,産婦女内,心整脳放麻眼耳皮リハ形産精泌ア,内小放,,,,,,,,,外46診療科
50,小児心療内科,,,内科(呼吸器),,,食道,,内循呼,,透析泌尿器科,,腎内（人工透析）,乳腺科,,糖尿病・内分泌代謝内科,分代内,,,,,小児歯科・歯科口腔外科,,,,耳鼻咽,,胃外皮,大腸･肛門外科,,外整脳形精泌眼耳放救,,泌尿器科（透析）,,,「脳神経　内分泌外科」,,,,透内アレ,リウ脳神外,外整脳形精泌眼耳放救,,形成眼科,小外整脳皮泌リハ,麻漢内,リハ麻放泌,眼糖内,矯正歯,,神経小児科,,,産婦放,眼耳リハ放精麻形,産婦放,,,,,,,,,リ科
51,アレルギー疾患内科,,,呼吸科,,,消化器内科(胃腸内科),,婦麻内循,,腎・泌尿器科（人工透析）,,内科（人口透析）,内秘,,糖尿病・代謝・内分泌内科,糖代分内,,,,,ペインクリニック・肛門外科,,,,耳鼻いんこう科系その他,,リウ消外,,,外整脳形精小皮泌,,腎臓泌尿器,,,乳腺・甲状腺・内分泌外科,,,,アレルギ科,リウリハ,小整脳眼耳放麻泌精,,ﾎﾞﾄｯｸｽ外来,心皮泌,婦麻,皮外リハア,皮眼,矯正歯口,,小泌,,,ひ産婦,リハ精,循内放,,,,,,,,,ﾘ科
52,腎蔵内科(人工透析),,,呼吸器緩和ケア内科,,,内視鏡,,内消循呼,,泌尿器内科,,泌(人工透析),小児内分泌内,,糖尿病・内分,体謝,,,,,不妊治療外科,,,,耳鼻いんこう科系その他,,外(胃　大　肛),,,内外脳リハ,,男性泌尿器科（不妊治療）,,,内分泌総合外科,,,,アレルギ―科,リウ呼内,外整脳形精小皮泌,,プラセンタ治療,小外整脳皮泌耳,疼,眼耳麻泌形皮リハ,脳神外眼,高齢者歯科,,小児皮膚,,,産婦（生殖）,精耳,循放,,,,,,,,,計５科
53,透析内科,,,呼吸器腫瘍内科,,,内視,,内［循環器内科,,泌（透）,,内科＜人工透析＞,糖尿病代謝内分泌科,,糖尿病・代謝内,内分代内,,,,,漢方外科,,,,耳鼻咽頭科,,消外乳外,,,小児心臓外科,,透析泌尿器科,,,,,,,（ア）内,リウ外,整形脳皮泌産婦眼耳リハ麻,,審美・美容歯科,外整脳皮泌耳,麻酔科（ペインクリニック）,心整脳放麻眼耳皮リハ形産精泌ア,眼（整　眼は休止中）,小歯矯正,,小児内分泌内,,,婦（生殖）,精脳整,小放,,,,,,,,,空港の同一ビル内での水平移動
54,内科（腎臓）,,,呼吸器・アレルギー内科,,,内鏡内,,内神循,,泌（人透）,,内分,内分泌糖尿病内科,,糖尿病・内分泌科,内代謝内,,,,,男性整形外科,,,,頭頸部・耳鼻いんこう科,,肛内消外,,,脳神外リハ,,腎・泌尿器科（人工透析）,,,,,,,アレルギー皮膚科,リウ眼,整脳形麻精リウ小,,皮膚形成科,皮外リハア,麻酔科(敷地宏一）,小外整形脳皮泌婦眼耳放麻リハ歯,リウ眼,頭,,小児糖尿病内,,,ひ（不妊）,泌リハ形皮精循放消こう麻,こう放,,,,,,,,,人間
55,内科（内分泌）,,,内科（消化器・循環器・呼吸器・糖尿病）,,,消内（内視鏡）,,循小,,泌尿器科（不妊治療）,,腎臓・内分泌内科,糖尿病・内分泌・代謝内科,,内科（糖尿病　循環器　呼吸器　消化器）,糖尿病代謝・内分泌内科,,,,,甲状腺内科・外科,,,,頭頸部・耳鼻いんこ,,腎内消外,,,外脳神外,,泌（透）,,,,,,,呼吸器・アレルギー内科,呼吸器・リウマチ科,整形美皮,,形成・美容外科,眼耳麻泌形皮リハ,脳神経外科麻酔科,眼耳リハ放精麻形,（眼）小,歯婦麻,,児童精神,,,ひ婦,外整脳形精泌眼耳放救,ひ放,,,,,,,,,
56,内科（循環器）,,,呼吸器内科（内視鏡）,,,消内視鏡内,,循内放,,泌尿器科系その他,,腎臓内科（人,糖尿病・内分泌代謝内科,,糖尿病・代謝内分泌科,糖泌内,,,,,一般外科,,,,頭頸部耳鼻いんこう科,,消腫外,,,心外循内,,泌（人透）,,,,,,,呼吸器腫瘍アレルギー内科,ｱﾚﾘｳ,内整ア,,,心整脳放麻眼耳皮リハ形産精泌ア,麻救,リハ整皮婦ア,漢眼,小精形泌歯歯外,,小矯歯,,,産婦眼,小整脳眼耳放麻泌精,整放,,,,,,,,,
57,内科（消化器）,,,内科（糖尿病　循環器　消化器　呼吸器）,,,外（内視鏡）,,呼内循内,,泌尿器科（人口透析）,,腎泌尿器科,代謝・内分泌内科,,（糖尿病内科）,内泌代,,,,,循環器外科（心臓・血管外科）,,,,耳鼻いんこう科・頭頸部外科,,鏡外（胃　大腸）,,,血管外美皮,,泌尿器科（不妊治療）,,,,,,,呼吸器アレルギー疾患内科,リウマチ科系その他,内外整,,,整形脳皮泌,麻酔科（上川務恵）,リハ精,(眼）小,外心歯,,小児矯歯,,,殖医外,外整脳形精小皮泌,放診放治,,,,,,,,,
58,内科（消化器　循環器　呼吸器）,,,内科呼吸器内科,,,外（消　内視）,,循内小,,ひ尿,,腎臓・人工透析内科,内分泌・代謝科,,糖尿病・甲状腺内科,代謝（脂質代謝）内科,,,,,外科（化学療法）,,,,頸部外科,,消循,,,小脳神外,,泌尿器科系その他,,,,,,,気管支アレ,膠原病内,内消整リウ,,,小外整形脳皮泌婦眼耳放麻リハ歯,小児麻酔科,リハ放麻眼泌婦,美容眼科,婦歯,,小児心,,,産婦（生殖）ひ（不妊）,整脳形麻精リウ小,皮放,,,,,,,,,
59,内科（呼吸器　消化器　糖尿病）,,,呼吸器腫瘍アレルギー内科,,,大腸内視鏡内科,,循内消内,,泌尿器科(人工透析）,,小内内,代謝内分泌内科,,糖尿代謝内,糖内代内,,,,,乳腺・内分泌外科,,,,,,内泌内消外,,,整脳神外,,泌尿器科（人口透析）,,,,,,,ｱﾚﾙｷﾞ,リウ膠,整リウリハ,,,循小外整脳皮泌,,リハ皮,漢方眼,小外整形脳皮泌婦眼耳放麻リハ歯,,小児腫瘍内科,,,婦(生殖）,内精外歯,放消内,,,,,,,,,
60,内科（消化器　呼吸器　循環器）,,,呼吸器アレルギー疾患内科,,,消胃,,循内心臓内,,泌（透析）,,透析,糖尿病・代謝・内分泌内科,,小児糖尿病内科,糖脂代内,,,,,呼吸器・乳腺外科,,,,,,外（消）,,,脳神外呼内,,ひ尿,,,,,,,ｱﾚﾘｳ,膠原内,整リウリハ麻,,,リハ整皮婦ア,,耳放皮歯リウリハ,形成眼科,耳放皮歯リウリハ,,漢方小児科,,,産婦(生殖),［老年精神］,放射線治,,,,,,,,,
61,老年脳神経内科,,,呼吸器内科・呼吸器腫瘍内科,,,消化器科∧胃腸科∨,,心外循内,,ひ尿(人工透析),,血液透析,内分,,糖尿病内分泌代謝内科,糖内内泌内,,,,,心臓外科,,,,,,歯外胃内,,,脳神外眼,,泌尿器科(人工透析）,,,,,,,漢方アレ,膠内,外整皮,,,リハ皮,,循リハこう婦,精神科・神経内科眼科,眼耳リハ放麻歯形,,児童・思春期精神科,,,婦漢内,精小,放射科,,,,,,,,,
62,高齢者内科,,,呼腫内,,,内科（内視鏡）,,脳心内,,泌尿器科（人工透析　不妊治療）,,乳腺内,腎臓・内分泌内科,,糖尿病院内科,糖内脂代内,,,,,大腸・肛門外科,,,,,,こう乳外,,,形外血管外,,泌（透析）,,,,,,,ｱﾚ耳,膠原病,歯整,,,放整泌眼耳麻皮,,眼耳リハ放麻歯形,眼科系その他,［小歯］,,小児消化器内科,,,産婦耳,精神内,脳・血管放射線科,,,,,,,,,
63,高齢者がん内科,,,呼吸器・感染症内科,,,肝臓消化器内科,,麻循内,,生殖治療,,脂内,糖尿病・内分泌科,,糖尿病代謝,内科（糖尿病　内分泌　代謝）,,,,,脳神経外科（脳外科）,,,,,,消内肛外,,,リウ脳神外,,ひ尿(人工透析),,,,,,,アレルギー科系その他,血液リウマチ科,整こう,,,耳放皮歯リウリハ,,眼耳リハ麻形,性病科眼科,［歯口］,,小内内,,,婦（不妊）,神内精,小児放射線科,,,,,,,,,
64,内科（人工透析）,,,呼吸器科(呼吸器内科),,,内科（循環器　消化器　呼吸器）,,ひ循内,,泌尿器科（,,透析内,内分泌代謝科,,脂代,内糖代,,,,,脳神経科外科,,,,,,肛外消外,,,機能神経外科,,泌尿器科（人工透析　不妊治療）,,,,,,,ア科,膠原病科,整小外,,,眼耳整皮泌,,リハリウ,脳神経外科眼科,矯歯］,,小児眼,,,不妊,精糖内,,,,,,,,,,
65,がん内科,,,内科（肝臓　胃腸　消化器　呼吸器）,,,内（内視鏡）,,消循,,,,乳内,糖尿病・代謝内分泌科,,精尿病,糖内泌内,,,,,胃外科,,,,,,胃内肛外,,,小心外,,生殖治療,,,,,,,アレル,薬物療法リウマチ科,整歯,,,泌リハ形皮精循放消こう麻,,泌リハ形皮精循放消こう麻,糖尿病眼科,「小歯」,,小児糖尿病内科,,,女内殖医外,高精,,,,,,,,,,
66,美容内科,,,呼吸呼内,,,胃・大腸・消化器内科,,循内呼内,,,,分泌,糖尿病・甲状腺内科,,代謝糖尿病内科,女性内科（脂質代謝）,,,,,消化器外科(胃腸外科),,,,,,消外肛外,,,循環器外科（心臓　血管外科）,,泌尿器科（,,,,,,,ｱ科,リュウマ,整脳神外,,,外小整脳皮泌,,眼耳麻放形リハ,,「矯歯」,,小児神経,,,婦麻,精老内,,,,,,,,,,
67,脳内科,,,呼内科,,,食道・胃腸内科,,循内老内,,,,脂代,小内内,,糖尿内分泌内科,内科(内分泌代謝),,,,,消化器外科(胃腸外,,,,,,肛外胃内,,,神経外科,,,,,,,,,ｱﾚﾙｷﾞｰ疾患内,腎リウマチ,整放,,,眼皮泌外リハ,,耳放麻脳眼リハ,,［矯歯］,,小神内,,,婦神内,女心内女精,,,,,,,,,,
68,腎臓内科(人工透析）,,,呼吸器内科（化学療法）,,,内科（呼吸器・消化器）,,内（血）,,,,腎臓内分泌代謝内科,甲状腺内分泌内科,,糖尿病代謝内分泌内科,（代謝内科）糖尿病内科,,,,,消化器外科(,,,,,,消内乳外,,,血液外,,,,,,,,,アレルギー科（呼吸器）,腎臓・リウマチ科,眼（整　眼は休止中）,,,形心皮産婦リハ,,麻リハ小心,,内精外歯,,小アレ,,,外産婦,精児,,,,,,,,,,
69,女性内科,,,胸部,,,内科（糖尿病　循環器　呼吸器　消化器）,,循内鏡内,,,,甲状腺,糖尿病内分泌代謝内科,,糖尿病脂質代謝内科,糖尿病内科(代謝内,,,,,消化器外科(胃,,,,,,外(鏡),,,心臓血管外科(循環器外科),,,,,,,,,膠原病・リウマチ・アレルギー内科,膠原病・リウマチ科,整皮,,,外整脳形精小皮泌,,婦リハ,,歯整,,循環器小児科,,,産婦（生）,女精,,,,,,,,,,
70,疼痛緩和内科,,,,,,小児消化器内科,,リハ循内,,,,腎蔵内科,内分泌科,,糖内内,糖尿病内科(代謝,,,,,移植外科,,,,,,外（消鏡）,,,心臓血管外科(循環器外,,,,,,,,,アレルギー疾患・リウマチ科,リウマチ・膠原病内科,リハペ整,,,整形脳皮泌産婦眼耳リハ麻,,眼皮泌外リハ,,歯科口,,こ,,,周内,腫精,,,,,,,,,,
71,緩和医療内科,,,,,,鏡内,,循内胃内,,,,腎臓高血圧内科,乳腺内,,分代内,腎臓代謝内科,,,,,乳線外科,,,,,,呼胃,,,小児神経発達外来,,,,,,,,,皮膚科（アレルギー疾患）,膠原病・リウマチ・アレルギー内科,腫整,,,整形美皮,,形心皮産婦リハ,,歯科小児,,小心内,,,婦(妊),心精,,,,,,,,,,
72,消火器内科,,,,,,消化器胃腸科,,神内循内,,,,思春,脂内,,糖代分内,糖尿病･代謝内科,,,,,化学療法外科,,,,,,外科（消化器　肛門）,,,胸部・心臓血管外科,,,,,,,,,,アレルギー疾患・リウマチ科,整（ペインクリニック）,,,形美皮,,耳麻リハ脳,,歯小歯,,小漢内,,,婦人科（不妊治療　生殖医療）泌尿器科,ペインクリニック（精神科）,,,,,,,,,,
73,総合内科,,,,,,消化,,循内糖,,,,人工透,乳内,,内分糖,脂肪代謝内科,,,,,小児整形外科,,,,,,女内視外,,,人工透析血管外科,,,,,,,,,,腎臓内科・リウマチ科,疼,,,外整皮,,整形脳皮泌産婦眼耳リハ麻,,歯外胃内,,こ内,,,婦（生）,思春期・児童精神科,,,,,,,,,,
74,気管食道内科,,,,,,消化器肝臓内科,,消内循内,,,,腎臓透析内科,分泌,,腎糖尿内,代謝内科（糖尿病）,,,,,ペインクリニック整形外科,,,,,,外科（消外　肛外　がん）,,,脳神経外科リハビリテーション科,,,,,,,,,,膠原,ペインクリニック・整形外科,,,内皮,,眼耳リハ放,,整歯,,小児科皮膚,,,婦（妊）,児童・老年精神科,,,,,,,,,,
75,血液透析内科,,,,,,胃腸内視鏡内科,,呼循,,,,消化器乳,脂代,,糖尿病代謝・内分泌内科,内分泌・代謝・糖尿病内科,,,,,リウマチ整形外科,,,,,,（消化器）,,,脳神経外科呼吸器外科,,,,,,,,,,,外科・小児整形外科,,,皮小,,内外脳リハ,,歯呼内,,小児リハビリテーション科,,,婦人科（生殖医療　不妊治療）,精神経,,,,,,,,,,
76,血管内科,,,,,,漢消内,,(循)内,,,,腎臓内分泌内科,腎臓内分泌代謝内科,,糖尿病・,代謝・内分泌科,,,,,肝胆膵外科,,,,,,消火器外科,,,脳神経外科歯科,,,,,,,,,,,外科・整形外科・形成外科,,,皮ア,,内リハ,,歯歯外,,小児脳神経内科,,,産婦(生),精内,,,,,,,,,,
77,(主)内科,,,,,,漢方消化器内科,,（循内）小,,,,腎内代内,甲状腺,,糖泌内,内分泌代謝糖尿病内科,,,,,乳腺腫瘍外科,,,,,,内鏡外,,,脳神経外科皮膚科,,,,,,,,,,,脊椎髄外,,,胃外皮,,内小リハ,,歯外呼内,,思春期小児科,,,生殖医療産婦人科,児思精,,,,,,,,,,
78,(従)糖尿病内科,,,,,,消化器内視鏡科,,（循）小,,,,腎糖内,糖尿内分泌内科,,内泌代,,,,,,脳外科,,,,,,食,,,脳神経外科胃腸科,,,,,,,,,,,脊椎外,,,皮呼内,,整リウリハ,,歯科口腔歯科,,小児耳鼻咽喉,,,婦人科(不妊治療）,精神科・神経内科眼科,,,,,,,,,,
79,循環期内科,,,,,,消肝内,,(循内)小,,,,腎透,思春,,内［糖尿病内科］［消化器内科］,,,,,,「消化器　胃腸外科」,,,,,,消外（胃外）,,,脳神経外科眼科,,,,,,,,,,,小整外,,,皮こう,,整リウリハ麻,,矯正歯科矯歯,,呼吸器小児科,,,不妊治療・生殖医療婦人科,精神科系その他,,,,,,,,,,
80,消化器内科（胃腸内科）,,,,,,漢方胃腸内科,,小循内,,,,分代内,糖尿病代謝内分泌内科,,内（糖）,,,,,,外科（内視鏡）,,,,,,消外（内視鏡）,,,脳神経外科心臓血管外科,,,,,,,,,,,膝関節外科,,,美漢皮,,訪問リハ,,歯科口腔,,小神,,,産婦人,もの忘れ科,,,,,,,,,,
81,糖尿病内科（代謝内科）,,,,,,消化器乳,,内科(循環器),,,,分内,消化器乳,,糖内代内,,,,,,腎臓外科,,,,,,外科（乳腺　肛門　胃腸）,,,脳神経外科こう門科,,,,,,,,,,,ペ整形,,,女漢皮,,リハ麻,,歯科口腔科,,児童診療科,,,産婦（生医）,種瘍精神科,,,,,,,,,,
82,消化器･循環器内科,,,,,,胃腸肛門内科,,循環器内科消化器内科,,,,腎内透,腎臓内分泌内科,,糖脂代内,,,,,,胆のう外科,,,,,,(胃腸外科)消化器外科,,,脳神経外科麻酔科,,,,,,,,,,,小児整形,,,皮消内,,リハペ外,,口腔外科（旧法）,,内科小児科,,,婦（休診中）,児童心療精神科,,,,,,,,,,
83,膠原病内科,,,,,,消科,,循環科,,,,思春期,分代内,,糖内内泌内,,,,,,膵臓外科,,,,,,腹部外,,,「脳神経　内分泌外科」,,,,,,,,,,,整形外科（ペインクリニック）,,,皮リハ,,脳神外リハ,,土井歯科医師：訪問診療専門,,思春,,,産婦人科系その他,,,,,,,,,,,
84,老人内科,,,,,,内消外,,心臓血管内科循環器内科,,,,血透,分内,,血内糖,,,,,,脳脊髄神経外科,,,,,,消化器外科（胃腸,,,脳卒中外科,,,,,,,,,,,脊髄外,,,血管外美皮,,こうリハ,,小児歯科矯正歯科,,小児呼内,,,不妊科,,,,,,,,,,,
85,漢方･診療内科,,,,,,内消ア,,循環器ｉ内科,,,,腎糖尿内,糖代分内,,糖内脂代内,,,,,,運動器外科,,,,,,消（胃）,,,脳血管外科,,,,,,,,,,,脊椎脊髄外,,,内皮内,,ひリハ,,歯科（訪問診療）,,小内,,,婦人腫瘍科,,,,,,,,,,,
86,アレルギー内科,,,,,,〔内視鏡内科〕,,内科（消化器・循環器・呼吸器・糖尿病）,,,,腎臓リウマチ内科,思春期,,糖内鏡内,,,,,,消化器内視鏡外科,,,,,,脳神経外科胃腸科,,,,,,,,,,,,,,,,,循皮,,耳リハ,,小児歯科矯正歯科歯科口腔外科,,心療小児科,,,婦人（不妊治療　内視鏡）,,,,,,,,,,,
87,消化器内科(内視鏡）,,,,,,消化器内科］,,内科（糖尿病　循環器　消化器　呼吸器）,,,,腎臓・膠原病内科,内分代内,,糖内内泌,,,,,,疼痛緩和外科,,,,,,外科（消化器　乳腺　肛門）,,,,,,,,,,,,,,,,,小皮美皮,,リハ消内,,歯科系その他,,思春期小児,,,内視鏡婦人科,,,,,,,,,,,
88,糖尿病・内分泌内科,,,,,,内外胃,,内科・循環器内科・糖尿病内科・腎臓内科,,,,糖泌内,糖内分泌内,,糖内乳外,,,,,,小児歯科口腔外科,,,,,,肝臓・消化,,,,,,,,,,,,,,,,,神内皮,,アレリハ,,歯科科,,腎臓小児科,,,産婦人科（不妊治療　生殖医療）,,,,,,,,,,,
89,小児内科,,,,,,内小［消化器内科］,,循環器内科（人工透析）,,,,内泌代,内分糖,,糖内漢内,,,,,,外科（鼡形ヘルニア）,,,,,,外科（胃腸　乳腺　肛門　呼吸器）,,,,,,,,,,,,,,,,,感ひ,,皮リハ,,矯歯科,,循環器小児,,,婦人科（婦人科腫瘍）,,,,,,,,,,,
90,内科（ペインクリニック）,,,,,,内小耳胃,,内科循環器内科消化器内科,,,,［腎臓内科］,糖尿病代謝・内分泌内科,,(糖)内,,,,,,乳腺・甲状腺外科,,,,,,外科（消化器　乳腺　内分泌　小児　肛門）,,,,,,,,,,,,,,,,,皮性,,リハ肛外,,（歯科）口腔外,,新内,,,婦人科（生殖内分泌）,,,,,,,,,,,
91,内科(循環器・消化器),,,,,,内消整リウ,,内科（腎臓・循環器・糖尿病）,,,,人口透析内,糖泌内,,内科（糖尿病　内分泌　代謝）,,,,,,形成美容外科,,,,,,消化器・移植外科,,,,,,,,,,,,,,,,,皮眼,,リハ胃内,,歯科口腔外科科,,新生児,,,婦人科(生殖医療),,,,,,,,,,,
92,消化器内科・内視鏡内科・腎臓内科・人工透析内科,,,,,,内外循消,,循環内器科,,,,腎臓内科(人工透析),内泌代,,糖尿病・内,,,,,,頸部甲状腺乳腺外科,,,,,,,,,,,,,,,,,,,,,,,耳皮,,リハペ内,,矯矯歯科,,分代小,,,婦人科（内視鏡）,,,,,,,,,,,
93,ペインクリニック内科・救急科,,,,,,内［消化器内科］,,内科（循環器　消化器）,,,,腎内（透）血管外,［内分泌外］,,内糖代,,,,,,外科（乳腺・甲状腺）,,,,,,,,,,,,,,,,,,,,,,,小外小ひ,,リハ呼外,,脳神経外科歯科,,小リウ,,,周産期循環器内科,,,,,,,,,,,
94,糖尿病内科・消化器内科・循環器内科,,,,,,外内胃,,内科（循環器・消化器）,,,,ひ（透）,ひ（透）,,内科（腎臓・血液透析・糖尿病）,,,,,,感染症外科,,,,,,,,,,,,,,,,,,,,,,,リウ皮,,リハ循内,,歯周病,,思春期,,,産婦人科（不妊治療）,,,,,,,,,,,
95,てんかん内科,,,,,,内消循外放麻,,循環器科(循環器内科),,,,腎内(透）,内秘内,,糖尿病・消化器内科,,,,,,消化器・乳腺外科,,,,,,,,,,,,,,,,,,,,,,,心内皮,,リハ大腸,,インプラント,,小児循環器も診察可能,,,,,,,,,,,,,,
96,内科（呼吸器　循環器　消化器　糖尿病　代謝）,,,,,,内外胃こう,,内科（循環器科）,,,,内秘内,ひ(透),,内科（消化器・循環器・呼吸器・糖尿病）,,,,,,口腔外科歯科,,,,,,,,,,,,,,,,,,,,,,,外ひ,,心臓リハ,,ホワイトニング,,小児泌,,,,,,,,,,,,,,
97,人口透析内科,,,,,,内消循,,内科（消化器　循環器　糖尿病）,,,,ひ(透),腎ひ,,内科（糖尿病　循環器　消化器　呼吸器）,,,,,,美容形成外科,,,,,,,,,,,,,,,,,,,,,,,整皮,,リウリハ,,予防歯科・口臭予防,,小歯矯正,,,,,,,,,,,,,,
98,消化器内視鏡内科,,,,,,胃循,,禁煙外来,,,,小腎内小心内,糖内内泌内,,内科・循環器内科・糖尿病内科・腎臓内科,,,,,,歯科 歯科口腔外科,,,,,,,,,,,,,,,,,,,,,,,皮放,,小外リハ,,周術期口腔ケア,,小整,,,,,,,,,,,,,,
99,呼吸器内科・消化器内科・循環器内科,,,,,,内消,,循環器内科（透）,,,,腎内小腎内,ひ(透）,,内科（腎臓・循環器・糖尿病）,,,,,,矯正外科,,,,,,,,,,,,,,,,,,,,,,,リハ美皮,,リハ美皮,,審美・美容歯科,,心脳小,,,,,,,,,,,,,,
100,呼吸器内科・循環器内科・消化器内科,,,,,,内［糖尿病内科］［消化器内科］,,漢循内,,,,腎内(透),糖内内泌,,内（腎　透析糖尿）,,,,,,手外科,,,,,,,,,,,,,,,,,,,,,,,皮耳,,外リハ,,（歯科）口腔外科,,小眼精形放リハ呼麻循消救,,,,,,,,,,,,,,
101,心臓・循環器内科,,,,,,内消循呼,,周産期循環器内科,,,,内(透),糖内乳外,,糖内泌内,,,,,,皮膚外科,,,,,,,,,,,,,,,,,,,,,,,新生児皮膚科,,リハ呼内,,歯科矯正科,,小形眼精麻,,,,,,,,,,,,,,
102,内分泌・代謝内科,,,,,,［消化器内科］［病理診断科］,,,,,,腎内消外,（脂)内,,内科(糖尿病),,,,,,ペイン外科,,,,,,,,,,,,,,,,,,,,,,,(皮)小,,リハペ整,,顎顔面外科,,整眼形麻リハ小,,,,,,,,,,,,,,
103,リウマチ内科,,,,,,消化器病内科,,,,,,糖内腎内(透),内分泌小児科,,（代謝内科）糖尿病内科,,,,,,女性乳腺外科,,,,,,,,,,,,,,,,,,,,,,,（皮）小,,リハ糖,,,,整放小,,,,,,,,,,,,,,
104,男性内科,,,,,,［胃腸内科］,,,,,,腎内（透）,分,,糖尿病内科(,,,,,,ペイン整形外科,,,,,,,,,,,,,,,,,,,,,,,アレルギー皮膚科,,循リハ,,,,麻リハ小心,,,,,,,,,,,,,,
105,男性内科（血液）,,,,,,［消化器内科］,,,,,,腎ひ,内科（糖尿病　内分泌　代謝）,,糖尿病内科(代謝内,,,,,,大腸内視鏡外科,,,,,,,,,,,,,,,,,,,,,,,外科（皮膚）,,こリハ,,,,小整脳眼耳放麻泌精,,,,,,,,,,,,,,
106,消化器内科（胃腸科）,,,,,,胃腸消化器内科,,,,,,糖内内泌内,脂,,糖尿病内科(代謝,,,,,,循環器科整形外科,,,,,,,,,,,,,,,,,,,,,,,男性美容皮膚科,,ﾘハ,,,,整脳形麻精リウ小,,,,,,,,,,,,,,
107,血液・腎臓内科,,,,,,内科消化器,,,,,,腎内漢内,腎（透）,,糖尿病内科(代,,,,,,アレルギー疾患外科,,,,,,,,,,,,,,,,,,,,,,,美容外科・美容皮膚科・美容内科,,心リハ,,,,［小歯］,,,,,,,,,,,,,,
108,甲状腺内科・外科,,,,,,消内胃内,,,,,,腎内透内,内乳,,糖尿病内分泌内,,,,,,末梢血管外科,,,,,,,,,,,,,,,,,,,,,,,性感染症皮膚科,,ﾘﾊﾋﾞﾘﾃｰｼｮﾝ,,,,「小歯」,,,,,,,,,,,,,,
109,一般内科,,,,,,胃内大腸,,,,,,ひ(透）,内科内分泌,,糖血内,,,,,,食道胃腸外科,,,,,,,,,,,,,,,,,,,,,,,皮膚科・美容皮膚科,,リハビリーテーション科,,,,内小婦,,,,,,,,,,,,,,
110,内科胃腸科,,,,,,内（消）,,,,,,透内アレ,乳腺・内分泌,,糖尿病･内分泌内科,,,,,,膵外科,,,,,,,,,,,,,,,,,,,,,,,皮フ,,リハビリエーション科,,,,内小［消化器内科］,,,,,,,,,,,,,,
111,内科（総合診療）,,,,,,内（鏡）,,,,,,内(透）,乳甲外,,糖尿病・腎臓内科,,,,,,乳腺内分泌外科,,,,,,,,,,,,,,,,,,,,,,,美容皮外科,,ﾘﾊﾋﾞﾘﾃｰｼｮ,,,,内小耳胃,,,,,,,,,,,,,,
112,消化器内科（肝胆膵）,,,,,,循内消内,,,,,,(腎）内,泌（透）,,内科（消化器　循環器　糖尿病）,,,,,,歯科口腔外科歯科,,,,,,,,,,,,,,,,,,,,,,,皮膚科系その他,,疼,,,,内小リハ,,,,,,,,,,,,,,
113,消化器内科（消化管）,,,,,,消内(鏡),,,,,,（脂)内,泌（人透）,,糖分内,,,,,,女性外科,,,,,,,,,,,,,,,,,,,,,,,皮ふ泌尿器科,,ﾘﾊﾋﾞﾘﾃ,,,,内小,,,,,,,,,,,,,,
114,内科（健康相談）,,,,,,リハ消内,,,,,,分,内科(内分泌代謝),,内分泌糖尿内科,,,,,,生殖医療外科,,,,,,,,,,,,,,,,,,,,,,,性病科皮膚科,,リハビテーション科,,,,内小循,,,,,,,,,,,,,,
115,内科（血液・腎）,,,,,,皮消内,,,,,,脂,胸部・乳,,糖内(内分　代),,,,,,漢方脳神経外科,,,,,,,,,,,,,,,,,,,,,,,脳神経外科皮膚科,,ﾃｰｼｮﾝ科,,,,内小耳麻,,,,,,,,,,,,,,
116,内科（呼吸器・アレルギー）,,,,,,胃内鏡内,,,,,,腎（透）,糖尿病内分泌内,,糖尿病・内分泌,,,,,,脳腫瘍外科,,,,,,,,,,,,,,,,,,,,,,,アトピー性皮膚炎皮膚科,,リハビりテーション科,,,,皮小,,,,,,,,,,,,,,
117,内科（呼吸器）,,,,,,肛内消外,,,,,,内乳,糖尿病･内分泌内科,,肝臓・糖尿病・内分泌内科,,,,,,腹部外科,,,,,,,,,,,,,,,,,,,,,,,皮膚腫瘍,,リハビリテーション科系その他,,,,内小放,,,,,,,,,,,,,,
118,血液腎臓内科,,,,,,呼内消内,,,,,,腎臓泌尿器,泌（透析）,,肝臓・糖,,,,,,泌尿器外科,,,,,,,,,,,,,,,,,,,,,,,高齢者皮膚科,,リハビリテーション科（人工透析,,,,小児救急科,,,,,,,,,,,,,,
119,頭痛・脳神経内科,,,,,,腎内消外,,,,,,泌(透）,糖分内,,糖尿病･代謝内科,,,,,,矯正口腔外科,,,,,,,,,,,,,,,,,,,,,,,皮膚形成科,,脳神経外科リハビリテーション科,,,,小児科循環器新生児,,,,,,,,,,,,,,
120,消化器内科（胃腸・内視鏡内科）,,,,,,ひ消内,,,,,,腎臓・透析内科,高血圧内分内,,内科（消化器　内視鏡　肝臓　糖尿病）,,,,,,脊椎外科,,,,,,,,,,,,,,,,,,,,,,,皮膚科（皮膚科）,,透析リハビリテーション科,,,,循小,,,,,,,,,,,,,,
121,糖尿病・脂質代謝内科,,,,,,消腫内（化　緩）,,,,,,内科（腎臓・血液透析・糖尿病）,内分泌糖尿内科,,代謝内科（糖尿病）,,,,,,胸部血管外科,,,,,,,,,,,,,,,,,,,,,,,皮膚科（アレルギー疾患）,,乳腺リハビリテーション科,,,,精小,,,,,,,,,,,,,,
122,消化器・糖尿病内科,,,,,,消循,,,,,,血管透析内科,糖尿病・内分泌,,内分泌・代謝・糖尿病内科,,,,,,外科（一般）,,,,,,,,,,,,,,,,,,,,,,,,,小児リハ,,,,小放,,,,,,,,,,,,,,
123,消化器内科（肝・胆・膵）,,,,,,内泌内消外,,,,,,腎臓内科・人工透析内科,肝臓・糖尿病・内分泌内科,,内分泌代謝糖尿病内科,,,,,,外科（皮膚外来）,,,,,,,,,,,,,,,,,,,,,,,,,訪問リハビリテーション,,,,循内小,,,,,,,,,,,,,,
124,消化器内科（胃腸・食道）,,,,,,消内鏡内,,,,,,内科・循環器内科・糖尿病内科・腎臓内科,分泌内,,糖尿病眼科,,,,,,外科（泌尿器外来）,,,,,,,,,,,,,,,,,,,,,,,,,脳神経リハビリテーション科,,,,リウ小,,,,,,,,,,,,,,
125,女性性感染症内科,,,,,,歯外胃内,,,,,,循環器内科（人工透析）,血液浄化,,,,,,,,関節外科,,,,,,,,,,,,,,,,,,,,,,,,,肛門リハビリテーション科,,,,小腎内小心内,,,,,,,,,,,,,,
126,女性思春期内科,,,,,,リハ胃内,,,,,,腎・泌尿器科（人工透析）,甲状腺科,,,,,,,,脊髄外科,,,,,,,,,,,,,,,,,,,,,,,,,リハリビテーション科,,,,腎内小腎内,,,,,,,,,,,,,,
127,糖尿病・代謝内科,,,,,,消内肝内,,,,,,内科（腎臓・循環器・糖尿病）,婦人科（生殖内分泌）,,,,,,,,透析血管外科,,,,,,,,,,,,,,,,,,,,,,,,,リバビリテーション科,,,,アレ小,,,,,,,,,,,,,,
128,脳血管内科,,,,,,消内肛外,,,,,,内（透）,内分泌・代謝・糖尿病内科,,,,,,,,小児心臓外科,,,,,,,,,,,,,,,,,,,,,,,,,循環器リハビリテーション科,,,,小皮美皮,,,,,,,,,,,,,,
129,消化器・肝臓内科,,,,,,糖内鏡内,,,,,,腎内（透析）,代謝・内分泌科,,,,,,,,外科（消化器　肛門）,,,,,,,,,,,,,,,,,,,,,,,,,,,,,歯小歯,,,,,,,,,,,,,,
130,肝臓・消化器内科,,,,,,消内糖内,,,,,,乳甲外,内分泌代謝糖尿病内科,,,,,,,,機能神経外科,,,,,,,,,,,,,,,,,,,,,,,,,,,,,小(新),,,,,,,,,,,,,,
131,大腸内科,,,,,,胃内肛外,,,,,,泌（透）,,,,,,,,,口腔外科（旧法）,,,,,,,,,,,,,,,,,,,,,,,,,,,,,小外小ひ,,,,,,,,,,,,,,
132,胃腸科内科,,,,,,消鏡内,,,,,,泌（人透）,,,,,,,,,耳鼻咽喉頭頸部外科,,,,,,,,,,,,,,,,,,,,,,,,,,,,,小救新小,,,,,,,,,,,,,,
133,循環器科内科,,,,,,消内呼内,,,,,,外（人透）,,,,,,,,,外科（消外　肛外　がん）,,,,,,,,,,,,,,,,,,,,,,,,,,,,,内泌内小（新）,,,,,,,,,,,,,,
134,診療内科,,,,,,循内胃内,,,,,,内（腎　透析糖尿）,,,,,,,,,外科（皮膚）,,,,,,,,,,,,,,,,,,,,,,,,,,,,,（眼）小,,,,,,,,,,,,,,
135,感染症・呼吸器内科,,,,,,消内漢内,,,,,,内（人工透析）,,,,,,,,,外科（健康診断）,,,,,,,,,,,,,,,,,,,,,,,,,,,,,精児,,,,,,,,,,,,,,
136,小腸・大腸内科,,,,,,肛外胃内,,,,,,腎内（透),,,,,,,,,肝臓・胆のう・膵臓外科,,,,,,,,,,,,,,,,,,,,,,,,,,,,,(新)内,,,,,,,,,,,,,,
137,糖尿病・内分泌代謝・腎臓内科,,,,,,消内糖,,,,,,腎内（血液透析）,,,,,,,,,外科（がん）,,,,,,,,,,,,,,,,,,,,,,,,,,,,,新生児皮膚科,,,,,,,,,,,,,,
138,糖尿内科,,,,,,消内乳外,,,,,,透析内科（血液透析　腹膜透析）,,,,,,,,,ペインクリニック・整形外科,,,,,,,,,,,,,,,,,,,,,,,,,,,,,(皮)小,,,,,,,,,,,,,,
139,内分泌代謝内科,,,,,,消内循内,,,,,,内科(人工透析),,,,,,,,,男性美容外科,,,,,,,,,,,,,,,,,,,,,,,,,,,,,小血,,,,,,,,,,,,,,
140,アレルｷﾞー疾患内科,,,,,,放消内,,,,,,腎臓内科（人工透析　腎移植）,,,,,,,,,美容外科・美容皮膚科・美容内科,,,,,,,,,,,,,,,,,,,,,,,,,,,,,（循内）小,,,,,,,,,,,,,,
141,消化器内科(胃腸内科),,,,,,肝内胃内,,,,,,糖尿病・腎臓内科,,,,,,,,,ペイクリニック外科,,,,,,,,,,,,,,,,,,,,,,,,,,,,,（循）小,,,,,,,,,,,,,,
142,糖尿病内科(代謝内科),,,,,,呼胃,,,,,,腎臓代謝内科,,,,,,,,,肛門外科・肛門内科,,,,,,,,,,,,,,,,,,,,,,,,,,,,,(循内)小,,,,,,,,,,,,,,
143,小児内分泌・代謝内科,,,,,,?消化器内科,,,,,,内科（人工透析　腎臓）,,,,,,,,,外科・小児整形外科,,,,,,,,,,,,,,,,,,,,,,,,,,,,,内分泌小児科,,,,,,,,,,,,,,
144,小児感染症内科,,,,,,(消)内,,,,,,透科,,,,,,,,,外科・整形外科・形成外科,,,,,,,,,,,,,,,,,,,,,,,,,,,,,(分)小,,,,,,,,,,,,,,
145,小児腎臓内科,,,,,,内科（胃腸　内視鏡）,,,,,,泌（透析）,,,,,,,,,肝臓・胆のう・すい臓外科,,,,,,,,,,,,,,,,,,,,,,,,,,,,,小循内,,,,,,,,,,,,,,
146,リウマチ膠原病内科,,,,,,内科(消化器),,,,,,腎内（人透）,,,,,,,,,肝臓・胆嚢・膵臓外科,,,,,,,,,,,,,,,,,,,,,,,,,,,,,（皮）小,,,,,,,,,,,,,,
147,腎臓内科（人工,,,,,,循環器内科消化器内科,,,,,,高血圧内分内,,,,,,,,,消火器外科,,,,,,,,,,,,,,,,,,,,,,,,,,,,,新小,,,,,,,,,,,,,,
148,内分泌内科（甲状腺）,,,,,,A消火器内科B肛門内科,,,,,,腎内(人工透析),,,,,,,,,脊椎・脊髄外科,,,,,,,,,,,,,,,,,,,,,,,,,,,,,（循　ア）小,,,,,,,,,,,,,,
149,大腸内視鏡内科,,,,,,ｉ胃腸内科,,,,,,腎内(透析),,,,,,,,,脳神経外科・内科,,,,,,,,,,,,,,,,,,,,,,,,,,,,,(脳)小,,,,,,,,,,,,,,
150,内分泌・糖尿病内科,,,,,,胃腸・消化器内科,,,,,,分泌内,,,,,,,,,循環器外科（心臓　血管外科）,,,,,,,,,,,,,,,,,,,,,,,,,,,,,(眼）小,,,,,,,,,,,,,,
151,思春期内科,,,,,,糖尿病・消化器内科,,,,,,血液浄化,,,,,,,,,神経外科,,,,,,,,,,,,,,,,,,,,,,,,,,,,,(新)小,,,,,,,,,,,,,,
152,乳腺内科,,,,,,消化器内科（肝臓・大腸）,,,,,,循環器内科（透）,,,,,,,,,漢方内科肛門外科,,,,,,,,,,,,,,,,,,,,,,,,,,,,,（耳）小,,,,,,,,,,,,,,
153,内科（化学療法）,,,,,,内科（消化器・循環器・呼吸器・糖尿病）,,,,,,血液透析科,,,,,,,,,美容皮外科,,,,,,,,,,,,,,,,,,,,,,,,,,,,,(神)小,,,,,,,,,,,,,,
154,膵臓内科,,,,,,呼吸器内科（内視鏡）,,,,,,甲状腺科,,,,,,,,,外科（乳腺　肛門　胃腸）,,,,,,,,,,,,,,,,,,,,,,,,,,,,,(ｱ)小,,,,,,,,,,,,,,
155,乳腺腫瘍内科,,,,,,内科（糖尿病　循環器　消化器　呼吸器）,,,,,,腎臓内科・リウマチ科,,,,,,,,,ペインクリニック内科外科,,,,,,,,,,,,,,,,,,,,,,,,,,,,,発小,,,,,,,,,,,,,,
156,内科（内視鏡）,,,,,,内科（消化器　内視鏡）,,,,,,,,,,,,,,,脾臓外科,,,,,,,,,,,,,,,,,,,,,,,,,,,,,思春期・児童精神科,,,,,,,,,,,,,,
157,肝臓消化器内科,,,,,,内科循環器内科消化器内科,,,,,,,,,,,,,,,小児歯科矯正歯科歯科口腔外科,,,,,,,,,,,,,,,,,,,,,,,,,,,,,小児漢方内科,,,,,,,,,,,,,,
158,糖尿代謝内科,,,,,,（消化器）,,,,,,,,,,,,,,,肛門外科科,,,,,,,,,,,,,,,,,,,,,,,,,,,,,児童・老年精神科,,,,,,,,,,,,,,
159,肝臓胆のう膵臓内科,,,,,,消化器・胃腸内科,,,,,,,,,,,,,,,(胃腸外科)消化器外科,,,,,,,,,,,,,,,,,,,,,,,,,,,,,新生児小児科,,,,,,,,,,,,,,
160,内科（循環器　消化器　呼吸器）,,,,,,内科（胃腸・肛門）,,,,,,,,,,,,,,,肛門科(肛門外科),,,,,,,,,,,,,,,,,,,,,,,,,,,,,内科・小児科,,,,,,,,,,,,,,
161,内科（人口透析）,,,,,,消化器／肝臓内科,,,,,,,,,,,,,,,心臓血管外科(循環器外科),,,,,,,,,,,,,,,,,,,,,,,,,,,,,児,,,,,,,,,,,,,,
162,膠原病リウマチ内科,,,,,,乳腺・胃腸内科,,,,,,,,,,,,,,,気管食道科(気管食道外科),,,,,,,,,,,,,,,,,,,,,,,,,,,,,小（新）,,,,,,,,,,,,,,
163,腫瘍内科(化学療法),,,,,,内科（消化器・血液）,,,,,,,,,,,,,,,心臓血管外科(循環器外,,,,,,,,,,,,,,,,,,,,,,,,,,,,,子,,,,,,,,,,,,,,
164,腫瘍内科（化学療法）,,,,,,胃内視鏡内,,,,,,,,,,,,,,,外科系その他,,,,,,,,,,,,,,,,,,,,,,,,,,,,,小脳神内,,,,,,,,,,,,,,
165,内分泌糖尿病内科,,,,,,内（消化器　肝臓　胆嚢　膵臓　内視鏡）,,,,,,,,,,,,,,,ペインクリニック（外科）,,,,,,,,,,,,,,,,,,,,,,,,,,,,,小感内,,,,,,,,,,,,,,
166,内科＜人工透析＞,,,,,,食,,,,,,,,,,,,,,,外科脳神経内科,,,,,,,,,,,,,,,,,,,,,,,,,,,,,児思精,,,,,,,,,,,,,,
167,脊椎内科,,,,,,消外（内視鏡）,,,,,,,,,,,,,,,肛内外科,,,,,,,,,,,,,,,,,,,,,,,,,,,,,小児科（健診センター　ＳＡＳセンター併設）,,,,,,,,,,,,,,
168,糖尿病・内分泌・代謝内科,,,,,,消内（内鏡）,,,,,,,,,,,,,,,消化器外科（胃腸,,,,,,,,,,,,,,,,,,,,,,,,,,,,,脳神経小児科,,,,,,,,,,,,,,
169,糖尿病・内分泌代謝内科,,,,,,胃（土曜日は内　消内）,,,,,,,,,,,,,,,胸部・心臓血管外科,,,,,,,,,,,,,,,,,,,,,,,,,,,,,小児科系その他,,,,,,,,,,,,,,
170,代謝・内分泌内科,,,,,,内科（循環器　消化器）,,,,,,,,,,,,,,,人工透析血管外科,,,,,,,,,,,,,,,,,,,,,,,,,,,,,小児科（新,,,,,,,,,,,,,,
171,化学療法内科,,,,,,消化内,,,,,,,,,,,,,,,脳神経外科リハビリテーション科,,,,,,,,,,,,,,,,,,,,,,,,,,,,,発達小児,,,,,,,,,,,,,,
172,血液・腫瘍内科,,,,,,内科（循環器・消化器）,,,,,,,,,,,,,,,脳神経外科糖尿病内科,,,,,,,,,,,,,,,,,,,,,,,,,,,,,漢方小児,,,,,,,,,,,,,,
173,代謝内分泌内科,,,,,,消化器科(消化器内科　胃腸内科),,,,,,,,,,,,,,,歯科口腔外科科,,,,,,,,,,,,,,,,,,,,,,,,,,,,,小循,,,,,,,,,,,,,,
174,糖尿病・代謝・内分泌内科,,,,,,消化器内視鏡内,,,,,,,,,,,,,,,脳神経外科神経内科,,,,,,,,,,,,,,,,,,,,,,,,,,,,,小腸内科,,,,,,,,,,,,,,
175,小児腫瘍内科,,,,,,消化器・肛門内科,,,,,,,,,,,,,,,膝関節外科,,,,,,,,,,,,,,,,,,,,,,,,,,,,,小科,,,,,,,,,,,,,,
176,腎臓・内分泌内科,,,,,,胃腸・大腸内視鏡内科,,,,,,,,,,,,,,,脳神経外科脳神経内科,,,,,,,,,,,,,,,,,,,,,,,,,,,,,耳鼻咽喉科（小児　気管食道　漢方）,,,,,,,,,,,,,,
177,リウマチ・アレルギー内科,,,,,,内科（肝臓　胃腸　消化器　呼吸器）,,,,,,,,,,,,,,,脳神経外科呼吸器外科,,,,,,,,,,,,,,,,,,,,,,,,,,,,,小児（土曜日のみ）,,,,,,,,,,,,,,
178,ペインクリニック・心療内科,,,,,,胃内(内視鏡),,,,,,,,,,,,,,,脳神経外科歯科,,,,,,,,,,,,,,,,,,,,,,,,,,,,,小児整形,,,,,,,,,,,,,,
179,腎臓内科（人,,,,,,肝消内,,,,,,,,,,,,,,,脳神経外科皮膚科,,,,,,,,,,,,,,,,,,,,,,,,,,,,,小児肥満症内科,,,,,,,,,,,,,,
180,腫瘍・血液内科,,,,,,消内科,,,,,,,,,,,,,,,脳神経外科胃腸科,,,,,,,,,,,,,,,,,,,,,,,,,,,,,小脳神,,,,,,,,,,,,,,
181,呼吸器・循環器内科,,,,,,消（胃）,,,,,,,,,,,,,,,外科（消化器　乳腺　肛門）,,,,,,,,,,,,,,,,,,,,,,,,,,,,,心臓小児科,,,,,,,,,,,,,,
182,胃・大腸・消化器内科,,,,,,消化（内視）,,,,,,,,,,,,,,,脳神経外科眼科,,,,,,,,,,,,,,,,,,,,,,,,,,,,,小耳咽,,,,,,,,,,,,,,
183,漢方心療内科,,,,,,婦人（不妊治療　内視鏡）,,,,,,,,,,,,,,,脳神経外科心臓血管外科,,,,,,,,,,,,,,,,,,,,,,,,,,,,,新生内,,,,,,,,,,,,,,
184,食道・胃腸内科,,,,,,胃内視鏡内科,,,,,,,,,,,,,,,腎臓外科（臓器移植）,,,,,,,,,,,,,,,,,,,,,,,,,,,,,小児リハ,,,,,,,,,,,,,,
185,内科（呼吸器・消化器）,,,,,,胃腸胃内,,,,,,,,,,,,,,,脳神経外科こう門科,,,,,,,,,,,,,,,,,,,,,,,,,,,,,発達小児科,,,,,,,,,,,,,,
186,内科（糖尿病　循環器　呼吸器　消化器）,,,,,,内科（消化器　循環器　糖尿病）,,,,,,,,,,,,,,,外科（乳腺　肛門）,,,,,,,,,,,,,,,,,,,,,,,,,,,,,(腫)小,,,,,,,,,,,,,,
187,腫瘍漢方内科,,,,,,内科(胃腸）,,,,,,,,,,,,,,,脳神経外科麻酔科,,,,,,,,,,,,,,,,,,,,,,,,,,,,,小救,,,,,,,,,,,,,,
188,小児消化器内科,,,,,,肝臓・消化,,,,,,,,,,,,,,,脳神経外科循環器内科,,,,,,,,,,,,,,,,,,,,,,,,,,,,,児童心療精神科,,,,,,,,,,,,,,
189,呼吸器科内科,,,,,,内視鏡婦人科,,,,,,,,,,,,,,,整形外科（ペインクリニック）,,,,,,,,,,,,,,,,,,,,,,,,,,,,,小児（神経）,,,,,,,,,,,,,,
190,内科（漢方）,,,,,,内科（消化器　内視鏡　肝臓　糖尿病）,,,,,,,,,,,,,,,男性性感染症外科,,,,,,,,,,,,,,,,,,,,,,,,,,,,,小児（循環）,,,,,,,,,,,,,,
191,（糖尿病内科）,,,,,,婦人科（内視鏡）,,,,,,,,,,,,,,,外科（胃腸　乳腺　肛門　呼吸器）,,,,,,,,,,,,,,,,,,,,,,,,,,,,,小児（内分　代）,,,,,,,,,,,,,,
192,内科（血管）,,,,,,,,,,,,,,,,,,,,,外科（消化器　乳腺　内分泌　小児　肛門）,,,,,,,,,,,,,,,,,,,,,,,,,,,,,小児科（腎臓）,,,,,,,,,,,,,,
193,糖尿病・甲状腺内科,,,,,,,,,,,,,,,,,,,,,（歯科）口腔外科,,,,,,,,,,,,,,,,,,,,,,,,,,,,,小児放射線科,,,,,,,,,,,,,,
194,腎臓・人工透析内科,,,,,,,,,,,,,,,,,,,,,大腸･肛門外科,,,,,,,,,,,,,,,,,,,,,,,,,,,,,小児麻酔科,,,,,,,,,,,,,,
195,男性性感染症内科,,,,,,,,,,,,,,,,,,,,,「脳神経　内分泌外科」,,,,,,,,,,,,,,,,,,,,,,,,,,,,,,,,,,,,,,,,,,,
196,小児糖尿病内科,,,,,,,,,,,,,,,,,,,,,乳腺外科緩和ケア内科,,,,,,,,,,,,,,,,,,,,,,,,,,,,,,,,,,,,,,,,,,,
197,精神内科,,,,,,,,,,,,,,,,,,,,,臓器移植外科,,,,,,,,,,,,,,,,,,,,,,,,,,,,,,,,,,,,,,,,,,,
198,甲状腺内分泌内科,,,,,,,,,,,,,,,,,,,,,乳腺・甲状腺・内分泌外科,,,,,,,,,,,,,,,,,,,,,,,,,,,,,,,,,,,,,,,,,,,
199,漢方女性内科,,,,,,,,,,,,,,,,,,,,,消化器・移植外科,,,,,,,,,,,,,,,,,,,,,,,,,,,,,,,,,,,,,,,,,,,
200,思春期心療内科,,,,,,,,,,,,,,,,,,,,,形成・美容外科,,,,,,,,,,,,,,,,,,,,,,,,,,,,,,,,,,,,,,,,,,,
201,性病内科,,,,,,,,,,,,,,,,,,,,,耳鼻いんこう科・頭頸部外科,,,,,,,,,,,,,,,,,,,,,,,,,,,,,,,,,,,,,,,,,,,
202,糖尿病内分泌代謝内科,,,,,,,,,,,,,,,,,,,,,内分泌総合外科,,,,,,,,,,,,,,,,,,,,,,,,,,,,,,,,,,,,,,,,,,,
203,性感性症内科,,,,,,,,,,,,,,,,,,,,,肝臓・胆のう・脾臓・移植外科,,,,,,,,,,,,,,,,,,,,,,,,,,,,,,,,,,,,,,,,,,,
204,糖尿病院内科,,,,,,,,,,,,,,,,,,,,,脳卒中外科,,,,,,,,,,,,,,,,,,,,,,,,,,,,,,,,,,,,,,,,,,,
205,消化器肝臓内科,,,,,,,,,,,,,,,,,,,,,がん外科,,,,,,,,,,,,,,,,,,,,,,,,,,,,,,,,,,,,,,,,,,,
206,高齢者心療内科,,,,,,,,,,,,,,,,,,,,,脳血管外科,,,,,,,,,,,,,,,,,,,,,,,,,,,,,,,,,,,,,,,,,,,
207,循環器女性内科,,,,,,,,,,,,,,,,,,,,,頸部外科,,,,,,,,,,,,,,,,,,,,,,,,,,,,,,,,,,,,,,,,,,,
208,女性心療内科,,,,,,,,,,,,,,,,,,,,,顎顔面外科,,,,,,,,,,,,,,,,,,,,,,,,,,,,,,,,,,,,,,,,,,,
209,胃腸内視鏡内科,,,,,,,,,,,,,,,,,,,,,小児腫瘍外科,,,,,,,,,,,,,,,,,,,,,,,,,,,,,,,,,,,,,,,,,,,
210,漢方消化器内科,,,,,,,,,,,,,,,,,,,,,,,,,,,,,,,,,,,,,,,,,,,,,,,,,,,,,,,,,,,,,,,,
211,器官食道内科,,,,,,,,,,,,,,,,,,,,,,,,,,,,,,,,,,,,,,,,,,,,,,,,,,,,,,,,,,,,,,,,
212,小児脳神経内科,,,,,,,,,,,,,,,,,,,,,,,,,,,,,,,,,,,,,,,,,,,,,,,,,,,,,,,,,,,,,,,,
213,大腸肛門内科,,,,,,,,,,,,,,,,,,,,,,,,,,,,,,,,,,,,,,,,,,,,,,,,,,,,,,,,,,,,,,,,
214,性感染内科,,,,,,,,,,,,,,,,,,,,,,,,,,,,,,,,,,,,,,,,,,,,,,,,,,,,,,,,,,,,,,,,
215,不妊治療内科,,,,,,,,,,,,,,,,,,,,,,,,,,,,,,,,,,,,,,,,,,,,,,,,,,,,,,,,,,,,,,,,
216,漢方胃腸内科,,,,,,,,,,,,,,,,,,,,,,,,,,,,,,,,,,,,,,,,,,,,,,,,,,,,,,,,,,,,,,,,
217,腎臓内分泌代謝内科,,,,,,,,,,,,,,,,,,,,,,,,,,,,,,,,,,,,,,,,,,,,,,,,,,,,,,,,,,,,,,,,
218,腎蔵内科,,,,,,,,,,,,,,,,,,,,,,,,,,,,,,,,,,,,,,,,,,,,,,,,,,,,,,,,,,,,,,,,
219,漢方腫瘍内科,,,,,,,,,,,,,,,,,,,,,,,,,,,,,,,,,,,,,,,,,,,,,,,,,,,,,,,,,,,,,,,,
220,腎臓高血圧内科,,,,,,,,,,,,,,,,,,,,,,,,,,,,,,,,,,,,,,,,,,,,,,,,,,,,,,,,,,,,,,,,
221,代謝糖尿病内科,,,,,,,,,,,,,,,,,,,,,,,,,,,,,,,,,,,,,,,,,,,,,,,,,,,,,,,,,,,,,,,,
222,糖尿内分泌内科,,,,,,,,,,,,,,,,,,,,,,,,,,,,,,,,,,,,,,,,,,,,,,,,,,,,,,,,,,,,,,,,
223,内科小児科,,,,,,,,,,,,,,,,,,,,,,,,,,,,,,,,,,,,,,,,,,,,,,,,,,,,,,,,,,,,,,,,
224,リハビリテーション科ペインクリニック内科,,,,,,,,,,,,,,,,,,,,,,,,,,,,,,,,,,,,,,,,,,,,,,,,,,,,,,,,,,,,,,,,
225,池田健：内科,,,,,,,,,,,,,,,,,,,,,,,,,,,,,,,,,,,,,,,,,,,,,,,,,,,,,,,,,,,,,,,,
226,腎臓透析内科,,,,,,,,,,,,,,,,,,,,,,,,,,,,,,,,,,,,,,,,,,,,,,,,,,,,,,,,,,,,,,,,
227,漢方脳神経内科,,,,,,,,,,,,,,,,,,,,,,,,,,,,,,,,,,,,,,,,,,,,,,,,,,,,,,,,,,,,,,,,
228,糖尿病代謝内分泌内科,,,,,,,,,,,,,,,,,,,,,,,,,,,,,,,,,,,,,,,,,,,,,,,,,,,,,,,,,,,,,,,,
229,高血圧内科,,,,,,,,,,,,,,,,,,,,,,,,,,,,,,,,,,,,,,,,,,,,,,,,,,,,,,,,,,,,,,,,
230,胃腸肛門内科,,,,,,,,,,,,,,,,,,,,,,,,,,,,,,,,,,,,,,,,,,,,,,,,,,,,,,,,,,,,,,,,
231,糖尿病脂質代謝内科,,,,,,,,,,,,,,,,,,,,,,,,,,,,,,,,,,,,,,,,,,,,,,,,,,,,,,,,,,,,,,,,
232,腎臓内分泌内科,,,,,,,,,,,,,,,,,,,,,,,,,,,,,,,,,,,,,,,,,,,,,,,,,,,,,,,,,,,,,,,,
233,こう門内科,,,,,,,,,,,,,,,,,,,,,,,,,,,,,,,,,,,,,,,,,,,,,,,,,,,,,,,,,,,,,,,,
234,食道内科,,,,,,,,,,,,,,,,,,,,,,,,,,,,,,,,,,,,,,,,,,,,,,,,,,,,,,,,,,,,,,,,
235,緩和ｹｱ内科,,,,,,,,,,,,,,,,,,,,,,,,,,,,,,,,,,,,,,,,,,,,,,,,,,,,,,,,,,,,,,,,
236,内科・循環器内科,,,,,,,,,,,,,,,,,,,,,,,,,,,,,,,,,,,,,,,,,,,,,,,,,,,,,,,,,,,,,,,,
237,呼吸器アレルギー内科,,,,,,,,,,,,,,,,,,,,,,,,,,,,,,,,,,,,,,,,,,,,,,,,,,,,,,,,,,,,,,,,
238,腎臓リウマチ内科,,,,,,,,,,,,,,,,,,,,,,,,,,,,,,,,,,,,,,,,,,,,,,,,,,,,,,,,,,,,,,,,
239,内科・皮膚科,,,,,,,,,,,,,,,,,,,,,,,,,,,,,,,,,,,,,,,,,,,,,,,,,,,,,,,,,,,,,,,,
240,糖尿病代謝・内分泌内科,,,,,,,,,,,,,,,,,,,,,,,,,,,,,,,,,,,,,,,,,,,,,,,,,,,,,,,,,,,,,,,,
241,腎臓・膠原病内科,,,,,,,,,,,,,,,,,,,,,,,,,,,,,,,,,,,,,,,,,,,,,,,,,,,,,,,,,,,,,,,,
242,標榜は内科,,,,,,,,,,,,,,,,,,,,,,,,,,,,,,,,,,,,,,,,,,,,,,,,,,,,,,,,,,,,,,,,
243,循器内科,,,,,,,,,,,,,,,,,,,,,,,,,,,,,,,,,,,,,,,,,,,,,,,,,,,,,,,,,,,,,,,,
244,〔内視鏡内科〕,,,,,,,,,,,,,,,,,,,,,,,,,,,,,,,,,,,,,,,,,,,,,,,,,,,,,,,,,,,,,,,,
245,消化器内科］,,,,,,,,,,,,,,,,,,,,,,,,,,,,,,,,,,,,,,,,,,,,,,,,,,,,,,,,,,,,,,,,
246,内小［消化器内科］,,,,,,,,,,,,,,,,,,,,,,,,,,,,,,,,,,,,,,,,,,,,,,,,,,,,,,,,,,,,,,,,
247,内［消化器内科］,,,,,,,,,,,,,,,,,,,,,,,,,,,,,,,,,,,,,,,,,,,,,,,,,,,,,,,,,,,,,,,,
248,内［糖尿病内科］［消化器内科］,,,,,,,,,,,,,,,,,,,,,,,,,,,,,,,,,,,,,,,,,,,,,,,,,,,,,,,,,,,,,,,,
249,内［循環器内科,,,,,,,,,,,,,,,,,,,,,,,,,,,,,,,,,,,,,,,,,,,,,,,,,,,,,,,,,,,,,,,,
250,［腎臓内科］,,,,,,,,,,,,,,,,,,,,,,,,,,,,,,,,,,,,,,,,,,,,,,,,,,,,,,,,,,,,,,,,
251,［消化器内科］［病理診断科］,,,,,,,,,,,,,,,,,,,,,,,,,,,,,,,,,,,,,,,,,,,,,,,,,,,,,,,,,,,,,,,,
252,消化器病内科,,,,,,,,,,,,,,,,,,,,,,,,,,,,,,,,,,,,,,,,,,,,,,,,,,,,,,,,,,,,,,,,
253,［胃腸内科］,,,,,,,,,,,,,,,,,,,,,,,,,,,,,,,,,,,,,,,,,,,,,,,,,,,,,,,,,,,,,,,,
254,［消化器内科］,,,,,,,,,,,,,,,,,,,,,,,,,,,,,,,,,,,,,,,,,,,,,,,,,,,,,,,,,,,,,,,,
255,ｱﾚﾙｷﾞｰ内科,,,,,,,,,,,,,,,,,,,,,,,,,,,,,,,,,,,,,,,,,,,,,,,,,,,,,,,,,,,,,,,,
256,腎臓内科(人工透析),,,,,,,,,,,,,,,,,,,,,,,,,,,,,,,,,,,,,,,,,,,,,,,,,,,,,,,,,,,,,,,,
257,胃腸消化器内科,,,,,,,,,,,,,,,,,,,,,,,,,,,,,,,,,,,,,,,,,,,,,,,,,,,,,,,,,,,,,,,,
258,代謝（脂質代謝）内科,,,,,,,,,,,,,,,,,,,,,,,,,,,,,,,,,,,,,,,,,,,,,,,,,,,,,,,,,,,,,,,,
259,内科消化器,,,,,,,,,,,,,,,,,,,,,,,,,,,,,,,,,,,,,,,,,,,,,,,,,,,,,,,,,,,,,,,,
260,頸部内科,,,,,,,,,,,,,,,,,,,,,,,,,,,,,,,,,,,,,,,,,,,,,,,,,,,,,,,,,,,,,,,,
261,内分秘内科,,,,,,,,,,,,,,,,,,,,,,,,,,,,,,,,,,,,,,,,,,,,,,,,,,,,,,,,,,,,,,,,
262,?消化器内科,,,,,,,,,,,,,,,,,,,,,,,,,,,,,,,,,,,,,,,,,,,,,,,,,,,,,,,,,,,,,,,,
263,内科（糖尿病　内分泌　代謝）,,,,,,,,,,,,,,,,,,,,,,,,,,,,,,,,,,,,,,,,,,,,,,,,,,,,,,,,,,,,,,,,
264,内科（胃腸　内視鏡）,,,,,,,,,,,,,,,,,,,,,,,,,,,,,,,,,,,,,,,,,,,,,,,,,,,,,,,,,,,,,,,,
265,内科(呼吸器),,,,,,,,,,,,,,,,,,,,,,,,,,,,,,,,,,,,,,,,,,,,,,,,,,,,,,,,,,,,,,,,
266,内科(循環器),,,,,,,,,,,,,,,,,,,,,,,,,,,,,,,,,,,,,,,,,,,,,,,,,,,,,,,,,,,,,,,,
267,内科(消化器),,,,,,,,,,,,,,,,,,,,,,,,,,,,,,,,,,,,,,,,,,,,,,,,,,,,,,,,,,,,,,,,
268,11立入検査時：内科,,,,,,,,,,,,,,,,,,,,,,,,,,,,,,,,,,,,,,,,,,,,,,,,,,,,,,,,,,,,,,,,
269,循環器内科消化器内科,,,,,,,,,,,,,,,,,,,,,,,,,,,,,,,,,,,,,,,,,,,,,,,,,,,,,,,,,,,,,,,,
270,@内科,,,,,,,,,,,,,,,,,,,,,,,,,,,,,,,,,,,,,,,,,,,,,,,,,,,,,,,,,,,,,,,,
271,A消火器内科B肛門内科,,,,,,,,,,,,,,,,,,,,,,,,,,,,,,,,,,,,,,,,,,,,,,,,,,,,,,,,,,,,,,,,
272,C乳腺内科,,,,,,,,,,,,,,,,,,,,,,,,,,,,,,,,,,,,,,,,,,,,,,,,,,,,,,,,,,,,,,,,
273,老年診療内科,,,,,,,,,,,,,,,,,,,,,,,,,,,,,,,,,,,,,,,,,,,,,,,,,,,,,,,,,,,,,,,,
274,女性漢方内科,,,,,,,,,,,,,,,,,,,,,,,,,,,,,,,,,,,,,,,,,,,,,,,,,,,,,,,,,,,,,,,,
275,心臓血管内科循環器内科,,,,,,,,,,,,,,,,,,,,,,,,,,,,,,,,,,,,,,,,,,,,,,,,,,,,,,,,,,,,,,,,
276,肝臓・胆のう・膵臓内科,,,,,,,,,,,,,,,,,,,,,,,,,,,,,,,,,,,,,,,,,,,,,,,,,,,,,,,,,,,,,,,,
277,腎臓・透析内科,,,,,,,,,,,,,,,,,,,,,,,,,,,,,,,,,,,,,,,,,,,,,,,,,,,,,,,,,,,,,,,,
278,循環器ｉ内科,,,,,,,,,,,,,,,,,,,,,,,,,,,,,,,,,,,,,,,,,,,,,,,,,,,,,,,,,,,,,,,,
279,ｉ胃腸内科,,,,,,,,,,,,,,,,,,,,,,,,,,,,,,,,,,,,,,,,,,,,,,,,,,,,,,,,,,,,,,,,
280,内科（健診専門）,,,,,,,,,,,,,,,,,,,,,,,,,,,,,,,,,,,,,,,,,,,,,,,,,,,,,,,,,,,,,,,,
281,呼吸器緩和ケア内科,,,,,,,,,,,,,,,,,,,,,,,,,,,,,,,,,,,,,,,,,,,,,,,,,,,,,,,,,,,,,,,,
282,呼吸器腫瘍内科,,,,,,,,,,,,,,,,,,,,,,,,,,,,,,,,,,,,,,,,,,,,,,,,,,,,,,,,,,,,,,,,
283,胃腸・消化器内科,,,,,,,,,,,,,,,,,,,,,,,,,,,,,,,,,,,,,,,,,,,,,,,,,,,,,,,,,,,,,,,,
284,内科（腎臓・血液透析・糖尿病）,,,,,,,,,,,,,,,,,,,,,,,,,,,,,,,,,,,,,,,,,,,,,,,,,,,,,,,,,,,,,,,,
285,小児漢方内科,,,,,,,,,,,,,,,,,,,,,,,,,,,,,,,,,,,,,,,,,,,,,,,,,,,,,,,,,,,,,,,,
286,糖尿病・消化器内科,,,,,,,,,,,,,,,,,,,,,,,,,,,,,,,,,,,,,,,,,,,,,,,,,,,,,,,,,,,,,,,,
287,血管透析内科,,,,,,,,,,,,,,,,,,,,,,,,,,,,,,,,,,,,,,,,,,,,,,,,,,,,,,,,,,,,,,,,
288,内科（心療内科含む）,,,,,,,,,,,,,,,,,,,,,,,,,,,,,,,,,,,,,,,,,,,,,,,,,,,,,,,,,,,,,,,,
289,呼吸器・アレルギー内科,,,,,,,,,,,,,,,,,,,,,,,,,,,,,,,,,,,,,,,,,,,,,,,,,,,,,,,,,,,,,,,,
290,移植内科,,,,,,,,,,,,,,,,,,,,,,,,,,,,,,,,,,,,,,,,,,,,,,,,,,,,,,,,,,,,,,,,
291,腎臓内科・人工透析内科,,,,,,,,,,,,,,,,,,,,,,,,,,,,,,,,,,,,,,,,,,,,,,,,,,,,,,,,,,,,,,,,
292,消化器内科（肝臓・大腸）,,,,,,,,,,,,,,,,,,,,,,,,,,,,,,,,,,,,,,,,,,,,,,,,,,,,,,,,,,,,,,,,
293,内科（消化器・循環器・呼吸器・糖尿病）,,,,,,,,,,,,,,,,,,,,,,,,,,,,,,,,,,,,,,,,,,,,,,,,,,,,,,,,,,,,,,,,
294,光学医療内科,,,,,,,,,,,,,,,,,,,,,,,,,,,,,,,,,,,,,,,,,,,,,,,,,,,,,,,,,,,,,,,,
295,内科（漢方　ペインクリニック）,,,,,,,,,,,,,,,,,,,,,,,,,,,,,,,,,,,,,,,,,,,,,,,,,,,,,,,,,,,,,,,,
296,がん化学療法内科,,,,,,,,,,,,,,,,,,,,,,,,,,,,,,,,,,,,,,,,,,,,,,,,,,,,,,,,,,,,,,,,
297,男性美容内科,,,,,,,,,,,,,,,,,,,,,,,,,,,,,,,,,,,,,,,,,,,,,,,,,,,,,,,,,,,,,,,,
298,美容外科・美容皮膚科・美容内科,,,,,,,,,,,,,,,,,,,,,,,,,,,,,,,,,,,,,,,,,,,,,,,,,,,,,,,,,,,,,,,,
299,呼吸器内科（内視鏡）,,,,,,,,,,,,,,,,,,,,,,,,,,,,,,,,,,,,,,,,,,,,,,,,,,,,,,,,,,,,,,,,
300,内科・腫瘍内科,,,,,,,,,,,,,,,,,,,,,,,,,,,,,,,,,,,,,,,,,,,,,,,,,,,,,,,,,,,,,,,,
301,がん血液内科,,,,,,,,,,,,,,,,,,,,,,,,,,,,,,,,,,,,,,,,,,,,,,,,,,,,,,,,,,,,,,,,
302,内科（糖尿病　循環器　消化器　呼吸器）,,,,,,,,,,,,,,,,,,,,,,,,,,,,,,,,,,,,,,,,,,,,,,,,,,,,,,,,,,,,,,,,
303,内科内分泌,,,,,,,,,,,,,,,,,,,,,,,,,,,,,,,,,,,,,,,,,,,,,,,,,,,,,,,,,,,,,,,,
304,肛門外科・肛門内科,,,,,,,,,,,,,,,,,,,,,,,,,,,,,,,,,,,,,,,,,,,,,,,,,,,,,,,,,,,,,,,,
305,内科・循環器内科・糖尿病内科・腎臓内科,,,,,,,,,,,,,,,,,,,,,,,,,,,,,,,,,,,,,,,,,,,,,,,,,,,,,,,,,,,,,,,,
306,脳卒中内科,,,,,,,,,,,,,,,,,,,,,,,,,,,,,,,,,,,,,,,,,,,,,,,,,,,,,,,,,,,,,,,,
307,循環器内科（人工透析）,,,,,,,,,,,,,,,,,,,,,,,,,,,,,,,,,,,,,,,,,,,,,,,,,,,,,,,,,,,,,,,,
308,心療内科（漢方）,,,,,,,,,,,,,,,,,,,,,,,,,,,,,,,,,,,,,,,,,,,,,,,,,,,,,,,,,,,,,,,,
309,内科（消化器　内視鏡）,,,,,,,,,,,,,,,,,,,,,,,,,,,,,,,,,,,,,,,,,,,,,,,,,,,,,,,,,,,,,,,,
310,内科循環器内科消化器内科,,,,,,,,,,,,,,,,,,,,,,,,,,,,,,,,,,,,,,,,,,,,,,,,,,,,,,,,,,,,,,,,
311,内科・小児科,,,,,,,,,,,,,,,,,,,,,,,,,,,,,,,,,,,,,,,,,,,,,,,,,,,,,,,,,,,,,,,,
312,肝・胆・膵内科,,,,,,,,,,,,,,,,,,,,,,,,,,,,,,,,,,,,,,,,,,,,,,,,,,,,,,,,,,,,,,,,
313,内科呼吸器内科,,,,,,,,,,,,,,,,,,,,,,,,,,,,,,,,,,,,,,,,,,,,,,,,,,,,,,,,,,,,,,,,
314,血液・化学療法内科,,,,,,,,,,,,,,,,,,,,,,,,,,,,,,,,,,,,,,,,,,,,,,,,,,,,,,,,,,,,,,,,
315,肝臓・胆嚢・膵臓内科,,,,,,,,,,,,,,,,,,,,,,,,,,,,,,,,,,,,,,,,,,,,,,,,,,,,,,,,,,,,,,,,
316,内科（腎臓・循環器・糖尿病）,,,,,,,,,,,,,,,,,,,,,,,,,,,,,,,,,,,,,,,,,,,,,,,,,,,,,,,,,,,,,,,,
317,泌尿器内科,,,,,,,,,,,,,,,,,,,,,,,,,,,,,,,,,,,,,,,,,,,,,,,,,,,,,,,,,,,,,,,,
318,消化器・胃腸内科,,,,,,,,,,,,,,,,,,,,,,,,,,,,,,,,,,,,,,,,,,,,,,,,,,,,,,,,,,,,,,,,
319,呼吸器腫瘍アレルギー内科,,,,,,,,,,,,,,,,,,,,,,,,,,,,,,,,,,,,,,,,,,,,,,,,,,,,,,,,,,,,,,,,
320,内科（胃腸・肛門）,,,,,,,,,,,,,,,,,,,,,,,,,,,,,,,,,,,,,,,,,,,,,,,,,,,,,,,,,,,,,,,,
321,呼吸器アレルギー疾患内科,,,,,,,,,,,,,,,,,,,,,,,,,,,,,,,,,,,,,,,,,,,,,,,,,,,,,,,,,,,,,,,,
322,ペインクリック内科,,,,,,,,,,,,,,,,,,,,,,,,,,,,,,,,,,,,,,,,,,,,,,,,,,,,,,,,,,,,,,,,
323,腫瘍内科（緩和ケア）,,,,,,,,,,,,,,,,,,,,,,,,,,,,,,,,,,,,,,,,,,,,,,,,,,,,,,,,,,,,,,,,
324,消化器／肝臓内科,,,,,,,,,,,,,,,,,,,,,,,,,,,,,,,,,,,,,,,,,,,,,,,,,,,,,,,,,,,,,,,,
325,呼吸器内科・呼吸器腫瘍内科,,,,,,,,,,,,,,,,,,,,,,,,,,,,,,,,,,,,,,,,,,,,,,,,,,,,,,,,,,,,,,,,
326,肺腫瘍内科,,,,,,,,,,,,,,,,,,,,,,,,,,,,,,,,,,,,,,,,,,,,,,,,,,,,,,,,,,,,,,,,
327,乳腺・胃腸内科,,,,,,,,,,,,,,,,,,,,,,,,,,,,,,,,,,,,,,,,,,,,,,,,,,,,,,,,,,,,,,,,
328,内科（消化器・血液）,,,,,,,,,,,,,,,,,,,,,,,,,,,,,,,,,,,,,,,,,,,,,,,,,,,,,,,,,,,,,,,,
329,脳神経外科・内科,,,,,,,,,,,,,,,,,,,,,,,,,,,,,,,,,,,,,,,,,,,,,,,,,,,,,,,,,,,,,,,,
330,漢方内科肛門外科,,,,,,,,,,,,,,,,,,,,,,,,,,,,,,,,,,,,,,,,,,,,,,,,,,,,,,,,,,,,,,,,
331,内科（循環器　消化器）,,,,,,,,,,,,,,,,,,,,,,,,,,,,,,,,,,,,,,,,,,,,,,,,,,,,,,,,,,,,,,,,
332,女性内科（脂質代謝）,,,,,,,,,,,,,,,,,,,,,,,,,,,,,,,,,,,,,,,,,,,,,,,,,,,,,,,,,,,,,,,,
333,ペインクリニック内科外科,,,,,,,,,,,,,,,,,,,,,,,,,,,,,,,,,,,,,,,,,,,,,,,,,,,,,,,,,,,,,,,,
334,炎症性腸疾患内科,,,,,,,,,,,,,,,,,,,,,,,,,,,,,,,,,,,,,,,,,,,,,,,,,,,,,,,,,,,,,,,,
335,内科(糖尿病),,,,,,,,,,,,,,,,,,,,,,,,,,,,,,,,,,,,,,,,,,,,,,,,,,,,,,,,,,,,,,,,
336,内科(内分泌代謝),,,,,,,,,,,,,,,,,,,,,,,,,,,,,,,,,,,,,,,,,,,,,,,,,,,,,,,,,,,,,,,,
337,内科(感染症),,,,,,,,,,,,,,,,,,,,,,,,,,,,,,,,,,,,,,,,,,,,,,,,,,,,,,,,,,,,,,,,
338,感染制御内科,,,,,,,,,,,,,,,,,,,,,,,,,,,,,,,,,,,,,,,,,,,,,,,,,,,,,,,,,,,,,,,,
339,内科(人工透析),,,,,,,,,,,,,,,,,,,,,,,,,,,,,,,,,,,,,,,,,,,,,,,,,,,,,,,,,,,,,,,,
340,薬物療法内科,,,,,,,,,,,,,,,,,,,,,,,,,,,,,,,,,,,,,,,,,,,,,,,,,,,,,,,,,,,,,,,,
341,呼吸器・感染症内科,,,,,,,,,,,,,,,,,,,,,,,,,,,,,,,,,,,,,,,,,,,,,,,,,,,,,,,,,,,,,,,,
342,精神科・神経内科眼科,,,,,,,,,,,,,,,,,,,,,,,,,,,,,,,,,,,,,,,,,,,,,,,,,,,,,,,,,,,,,,,,
343,心療内科神経内科,,,,,,,,,,,,,,,,,,,,,,,,,,,,,,,,,,,,,,,,,,,,,,,,,,,,,,,,,,,,,,,,
344,内科（循環器・消化器）,,,,,,,,,,,,,,,,,,,,,,,,,,,,,,,,,,,,,,,,,,,,,,,,,,,,,,,,,,,,,,,,
345,（代謝内科）糖尿病内科,,,,,,,,,,,,,,,,,,,,,,,,,,,,,,,,,,,,,,,,,,,,,,,,,,,,,,,,,,,,,,,,
346,循環器科(循環器内科),,,,,,,,,,,,,,,,,,,,,,,,,,,,,,,,,,,,,,,,,,,,,,,,,,,,,,,,,,,,,,,,
347,呼吸器科(呼吸器内科),,,,,,,,,,,,,,,,,,,,,,,,,,,,,,,,,,,,,,,,,,,,,,,,,,,,,,,,,,,,,,,,
348,消化器科(消化器内科　胃腸内科),,,,,,,,,,,,,,,,,,,,,,,,,,,,,,,,,,,,,,,,,,,,,,,,,,,,,,,,,,,,,,,,
349,糖尿病内科(,,,,,,,,,,,,,,,,,,,,,,,,,,,,,,,,,,,,,,,,,,,,,,,,,,,,,,,,,,,,,,,,
350,糖尿病内科(代謝内,,,,,,,,,,,,,,,,,,,,,,,,,,,,,,,,,,,,,,,,,,,,,,,,,,,,,,,,,,,,,,,,
351,糖尿病内科(代謝,,,,,,,,,,,,,,,,,,,,,,,,,,,,,,,,,,,,,,,,,,,,,,,,,,,,,,,,,,,,,,,,
352,糖尿病内科(代,,,,,,,,,,,,,,,,,,,,,,,,,,,,,,,,,,,,,,,,,,,,,,,,,,,,,,,,,,,,,,,,
353,内科系その他,,,,,,,,,,,,,,,,,,,,,,,,,,,,,,,,,,,,,,,,,,,,,,,,,,,,,,,,,,,,,,,,
354,内科（薬物療法）,,,,,,,,,,,,,,,,,,,,,,,,,,,,,,,,,,,,,,,,,,,,,,,,,,,,,,,,,,,,,,,,
355,ペインクリニック（内科）,,,,,,,,,,,,,,,,,,,,,,,,,,,,,,,,,,,,,,,,,,,,,,,,,,,,,,,,,,,,,,,,
356,糖尿病･内分泌内科,,,,,,,,,,,,,,,,,,,,,,,,,,,,,,,,,,,,,,,,,,,,,,,,,,,,,,,,,,,,,,,,
357,外科脳神経内科,,,,,,,,,,,,,,,,,,,,,,,,,,,,,,,,,,,,,,,,,,,,,,,,,,,,,,,,,,,,,,,,
358,腎臓内科（人工透析　腎移植）,,,,,,,,,,,,,,,,,,,,,,,,,,,,,,,,,,,,,,,,,,,,,,,,,,,,,,,,,,,,,,,,
359,疾痛緩和内科,,,,,,,,,,,,,,,,,,,,,,,,,,,,,,,,,,,,,,,,,,,,,,,,,,,,,,,,,,,,,,,,
360,内科（循環器科）,,,,,,,,,,,,,,,,,,,,,,,,,,,,,,,,,,,,,,,,,,,,,,,,,,,,,,,,,,,,,,,,
361,消化器・肛門内科,,,,,,,,,,,,,,,,,,,,,,,,,,,,,,,,,,,,,,,,,,,,,,,,,,,,,,,,,,,,,,,,
362,胃腸・大腸内視鏡内科,,,,,,,,,,,,,,,,,,,,,,,,,,,,,,,,,,,,,,,,,,,,,,,,,,,,,,,,,,,,,,,,
363,糖尿病・腎臓内科,,,,,,,,,,,,,,,,,,,,,,,,,,,,,,,,,,,,,,,,,,,,,,,,,,,,,,,,,,,,,,,,
364,腹部内科,,,,,,,,,,,,,,,,,,,,,,,,,,,,,,,,,,,,,,,,,,,,,,,,,,,,,,,,,,,,,,,,
365,十二指腸内科,,,,,,,,,,,,,,,,,,,,,,,,,,,,,,,,,,,,,,,,,,,,,,,,,,,,,,,,,,,,,,,,
366,小腸内科,,,,,,,,,,,,,,,,,,,,,,,,,,,,,,,,,,,,,,,,,,,,,,,,,,,,,,,,,,,,,,,,
367,胆のう内科,,,,,,,,,,,,,,,,,,,,,,,,,,,,,,,,,,,,,,,,,,,,,,,,,,,,,,,,,,,,,,,,
368,腎臓代謝内科,,,,,,,,,,,,,,,,,,,,,,,,,,,,,,,,,,,,,,,,,,,,,,,,,,,,,,,,,,,,,,,,
369,内科（肝臓　胃腸　消化器　呼吸器）,,,,,,,,,,,,,,,,,,,,,,,,,,,,,,,,,,,,,,,,,,,,,,,,,,,,,,,,,,,,,,,,
370,脳神経外科糖尿病内科,,,,,,,,,,,,,,,,,,,,,,,,,,,,,,,,,,,,,,,,,,,,,,,,,,,,,,,,,,,,,,,,
371,消内科,,,,,,,,,,,,,,,,,,,,,,,,,,,,,,,,,,,,,,,,,,,,,,,,,,,,,,,,,,,,,,,,
372,内科（緩和ケア）,,,,,,,,,,,,,,,,,,,,,,,,,,,,,,,,,,,,,,,,,,,,,,,,,,,,,,,,,,,,,,,,
373,癌内科,,,,,,,,,,,,,,,,,,,,,,,,,,,,,,,,,,,,,,,,,,,,,,,,,,,,,,,,,,,,,,,,
374,脳神経外科神経内科,,,,,,,,,,,,,,,,,,,,,,,,,,,,,,,,,,,,,,,,,,,,,,,,,,,,,,,,,,,,,,,,
375,脳神経外科脳神経内科,,,,,,,,,,,,,,,,,,,,,,,,,,,,,,,,,,,,,,,,,,,,,,,,,,,,,,,,,,,,,,,,
376,内科（人工透析　腎臓）,,,,,,,,,,,,,,,,,,,,,,,,,,,,,,,,,,,,,,,,,,,,,,,,,,,,,,,,,,,,,,,,
377,胃内視鏡内科,,,,,,,,,,,,,,,,,,,,,,,,,,,,,,,,,,,,,,,,,,,,,,,,,,,,,,,,,,,,,,,,
378,内科（消化器　循環器　糖尿病）,,,,,,,,,,,,,,,,,,,,,,,,,,,,,,,,,,,,,,,,,,,,,,,,,,,,,,,,,,,,,,,,
379,小児肥満症内科,,,,,,,,,,,,,,,,,,,,,,,,,,,,,,,,,,,,,,,,,,,,,,,,,,,,,,,,,,,,,,,,
380,乳腺化学療法内科,,,,,,,,,,,,,,,,,,,,,,,,,,,,,,,,,,,,,,,,,,,,,,,,,,,,,,,,,,,,,,,,
381,乳腺心療内科,,,,,,,,,,,,,,,,,,,,,,,,,,,,,,,,,,,,,,,,,,,,,,,,,,,,,,,,,,,,,,,,
382,ﾍﾟｲﾝ内科,,,,,,,,,,,,,,,,,,,,,,,,,,,,,,,,,,,,,,,,,,,,,,,,,,,,,,,,,,,,,,,,
383,呼内科,,,,,,,,,,,,,,,,,,,,,,,,,,,,,,,,,,,,,,,,,,,,,,,,,,,,,,,,,,,,,,,,
384,内分泌糖尿内科,,,,,,,,,,,,,,,,,,,,,,,,,,,,,,,,,,,,,,,,,,,,,,,,,,,,,,,,,,,,,,,,
385,がん緩和ケア内科,,,,,,,,,,,,,,,,,,,,,,,,,,,,,,,,,,,,,,,,,,,,,,,,,,,,,,,,,,,,,,,,
386,内科(胃腸）,,,,,,,,,,,,,,,,,,,,,,,,,,,,,,,,,,,,,,,,,,,,,,,,,,,,,,,,,,,,,,,,
387,脳神経外科循環器内科,,,,,,,,,,,,,,,,,,,,,,,,,,,,,,,,,,,,,,,,,,,,,,,,,,,,,,,,,,,,,,,,
388,肝臓・糖尿病・内分泌内科,,,,,,,,,,,,,,,,,,,,,,,,,,,,,,,,,,,,,,,,,,,,,,,,,,,,,,,,,,,,,,,,
389,呼吸器内科（化学療法）,,,,,,,,,,,,,,,,,,,,,,,,,,,,,,,,,,,,,,,,,,,,,,,,,,,,,,,,,,,,,,,,
390,糖尿病･代謝内科,,,,,,,,,,,,,,,,,,,,,,,,,,,,,,,,,,,,,,,,,,,,,,,,,,,,,,,,,,,,,,,,
391,脂肪代謝内科,,,,,,,,,,,,,,,,,,,,,,,,,,,,,,,,,,,,,,,,,,,,,,,,,,,,,,,,,,,,,,,,
392,循環器内科（透）,,,,,,,,,,,,,,,,,,,,,,,,,,,,,,,,,,,,,,,,,,,,,,,,,,,,,,,,,,,,,,,,
393,内科（消化器　内視鏡　肝臓　糖尿病）,,,,,,,,,,,,,,,,,,,,,,,,,,,,,,,,,,,,,,,,,,,,,,,,,,,,,,,,,,,,,,,,
394,生活習慣病内科,,,,,,,,,,,,,,,,,,,,,,,,,,,,,,,,,,,,,,,,,,,,,,,,,,,,,,,,,,,,,,,,
395,代謝内科（糖尿病）,,,,,,,,,,,,,,,,,,,,,,,,,,,,,,,,,,,,,,,,,,,,,,,,,,,,,,,,,,,,,,,,
396,乳腺外科緩和ケア内科,,,,,,,,,,,,,,,,,,,,,,,,,,,,,,,,,,,,,,,,,,,,,,,,,,,,,,,,,,,,,,,,
397,内分泌・代謝・糖尿病内科,,,,,,,,,,,,,,,,,,,,,,,,,,,,,,,,,,,,,,,,,,,,,,,,,,,,,,,,,,,,,,,,
398,リウマチ・膠原病内科,,,,,,,,,,,,,,,,,,,,,,,,,,,,,,,,,,,,,,,,,,,,,,,,,,,,,,,,,,,,,,,,
399,膠原病・リウマチ・アレルギー内科,,,,,,,,,,,,,,,,,,,,,,,,,,,,,,,,,,,,,,,,,,,,,,,,,,,,,,,,,,,,,,,,
400,内分泌代謝糖尿病内科,,,,,,,,,,,,,,,,,,,,,,,,,,,,,,,,,,,,,,,,,,,,,,,,,,,,,,,,,,,,,,,,
401,老年神経内科,,,,,,,,,,,,,,,,,,,,,,,,,,,,,,,,,,,,,,,,,,,,,,,,,,,,,,,,,,,,,,,,
402,腎臓内科・リウマチ科,,,,,,,,,,,,,,,,,,,,,,,,,,,,,,,,,,,,,,,,,,,,,,,,,,,,,,,,,,,,,,,,
403,周産期循環器内科,,,,,,,,,,,,,,,,,,,,,,,,,,,,,,,,,,,,,,,,,,,,,,,,,,,,,,,,,,,,,,,,
